DateTime,Date,Hour,Entrances
2022-09-12 06:00:00,2022-09-12,6,56
2022-09-12 07:00:00,2022-09-12,7,67
2022-09-12 08:00:00,2022-09-12,8,68
2022-09-12 09:00:00,2022-09-12,9,94
2022-09-12 10:00:00,2022-09-12,10,148
2022-09-12 11:00:00,2022-09-12,11,168
2022-09-12 12:00:00,2022-09-12,12,190
2022-09-12 13:00:00,2022-09-12,13,147
2022-09-12 14:00:00,2022-09-12,14,140
2022-09-12 15:00:00,2022-09-12,15,217
2022-09-12 16:00:00,2022-09-12,16,198
2022-09-12 17:00:00,2022-09-12,17,207
2022-09-12 18:00:00,2022-09-12,18,153
2022-09-12 19:00:00,2022-09-12,19,94
2022-09-12 20:00:00,2022-09-12,20,84
2022-09-12 21:00:00,2022-09-12,21,29
2022-09-12 22:00:00,2022-09-12,22,4
2022-09-12 23:00:00,2022-09-12,23,2
2022-09-13 05:00:00,2022-09-13,5,6
2022-09-13 06:00:00,2022-09-13,6,63
2022-09-13 07:00:00,2022-09-13,7,89
2022-09-13 08:00:00,2022-09-13,8,95
2022-09-13 09:00:00,2022-09-13,9,110
2022-09-13 10:00:00,2022-09-13,10,132
2022-09-13 11:00:00,2022-09-13,11,168
2022-09-13 12:00:00,2022-09-13,12,193
2022-09-13 13:00:00,2022-09-13,13,199
2022-09-13 14:00:00,2022-09-13,14,228
2022-09-13 15:00:00,2022-09-13,15,136
2022-09-13 16:00:00,2022-09-13,16,246
2022-09-13 17:00:00,2022-09-13,17,189
2022-09-13 18:00:00,2022-09-13,18,139
2022-09-13 19:00:00,2022-09-13,19,138
2022-09-13 20:00:00,2022-09-13,20,143
2022-09-13 21:00:00,2022-09-13,21,86
2022-09-13 22:00:00,2022-09-13,22,37
2022-09-13 23:00:00,2022-09-13,23,13
2022-09-14 06:00:00,2022-09-14,6,82
2022-09-14 07:00:00,2022-09-14,7,76
2022-09-14 08:00:00,2022-09-14,8,151
2022-09-14 09:00:00,2022-09-14,9,283
2022-09-14 10:00:00,2022-09-14,10,301
2022-09-14 11:00:00,2022-09-14,11,340
2022-09-14 12:00:00,2022-09-14,12,385
2022-09-14 13:00:00,2022-09-14,13,288
2022-09-14 14:00:00,2022-09-14,14,225
2022-09-14 15:00:00,2022-09-14,15,202
2022-09-14 16:00:00,2022-09-14,16,161
2022-09-14 17:00:00,2022-09-14,17,128
2022-09-14 18:00:00,2022-09-14,18,111
2022-09-14 19:00:00,2022-09-14,19,111
2022-09-14 20:00:00,2022-09-14,20,72
2022-09-14 21:00:00,2022-09-14,21,65
2022-09-14 22:00:00,2022-09-14,22,48
2022-09-14 23:00:00,2022-09-14,23,18
2022-09-15 06:00:00,2022-09-15,6,123
2022-09-15 07:00:00,2022-09-15,7,187
2022-09-15 08:00:00,2022-09-15,8,127
2022-09-15 09:00:00,2022-09-15,9,132
2022-09-15 10:00:00,2022-09-15,10,160
2022-09-15 11:00:00,2022-09-15,11,242
2022-09-15 12:00:00,2022-09-15,12,265
2022-09-15 13:00:00,2022-09-15,13,159
2022-09-15 14:00:00,2022-09-15,14,222
2022-09-15 15:00:00,2022-09-15,15,191
2022-09-15 16:00:00,2022-09-15,16,236
2022-09-15 17:00:00,2022-09-15,17,151
2022-09-15 18:00:00,2022-09-15,18,100
2022-09-15 19:00:00,2022-09-15,19,90
2022-09-15 20:00:00,2022-09-15,20,106
2022-09-15 21:00:00,2022-09-15,21,72
2022-09-15 22:00:00,2022-09-15,22,72
2022-09-15 23:00:00,2022-09-15,23,21
2022-09-16 05:00:00,2022-09-16,5,1
2022-09-16 06:00:00,2022-09-16,6,70
2022-09-16 07:00:00,2022-09-16,7,149
2022-09-16 08:00:00,2022-09-16,8,140
2022-09-16 09:00:00,2022-09-16,9,138
2022-09-16 10:00:00,2022-09-16,10,216
2022-09-16 11:00:00,2022-09-16,11,242
2022-09-16 12:00:00,2022-09-16,12,257
2022-09-16 13:00:00,2022-09-16,13,346
2022-09-16 14:00:00,2022-09-16,14,330
2022-09-16 15:00:00,2022-09-16,15,307
2022-09-16 16:00:00,2022-09-16,16,316
2022-09-16 17:00:00,2022-09-16,17,203
2022-09-16 18:00:00,2022-09-16,18,93
2022-09-16 19:00:00,2022-09-16,19,132
2022-09-16 20:00:00,2022-09-16,20,142
2022-09-16 21:00:00,2022-09-16,21,85
2022-09-16 22:00:00,2022-09-16,22,42
2022-09-16 23:00:00,2022-09-16,23,8
2022-09-17 05:00:00,2022-09-17,5,1
2022-09-17 07:00:00,2022-09-17,7,24
2022-09-17 08:00:00,2022-09-17,8,146
2022-09-17 09:00:00,2022-09-17,9,161
2022-09-17 10:00:00,2022-09-17,10,220
2022-09-17 11:00:00,2022-09-17,11,293
2022-09-17 12:00:00,2022-09-17,12,274
2022-09-17 13:00:00,2022-09-17,13,345
2022-09-17 14:00:00,2022-09-17,14,310
2022-09-17 15:00:00,2022-09-17,15,312
2022-09-17 16:00:00,2022-09-17,16,244
2022-09-17 17:00:00,2022-09-17,17,170
2022-09-17 18:00:00,2022-09-17,18,151
2022-09-17 19:00:00,2022-09-17,19,131
2022-09-17 20:00:00,2022-09-17,20,74
2022-09-17 21:00:00,2022-09-17,21,44
2022-09-17 22:00:00,2022-09-17,22,3
2022-09-18 08:00:00,2022-09-18,8,124
2022-09-18 09:00:00,2022-09-18,9,133
2022-09-18 10:00:00,2022-09-18,10,180
2022-09-18 11:00:00,2022-09-18,11,252
2022-09-18 12:00:00,2022-09-18,12,184
2022-09-18 13:00:00,2022-09-18,13,110
2022-09-18 14:00:00,2022-09-18,14,208
2022-09-18 15:00:00,2022-09-18,15,298
2022-09-18 16:00:00,2022-09-18,16,342
2022-09-18 17:00:00,2022-09-18,17,264
2022-09-18 18:00:00,2022-09-18,18,227
2022-09-18 19:00:00,2022-09-18,19,152
2022-09-18 20:00:00,2022-09-18,20,214
2022-09-18 21:00:00,2022-09-18,21,43
2022-09-19 05:00:00,2022-09-19,5,22
2022-09-19 06:00:00,2022-09-19,6,240
2022-09-19 07:00:00,2022-09-19,7,223
2022-09-19 08:00:00,2022-09-19,8,362
2022-09-19 09:00:00,2022-09-19,9,428
2022-09-19 10:00:00,2022-09-19,10,451
2022-09-19 11:00:00,2022-09-19,11,385
2022-09-19 12:00:00,2022-09-19,12,372
2022-09-19 13:00:00,2022-09-19,13,330
2022-09-19 14:00:00,2022-09-19,14,347
2022-09-19 15:00:00,2022-09-19,15,348
2022-09-19 16:00:00,2022-09-19,16,434
2022-09-19 17:00:00,2022-09-19,17,407
2022-09-19 18:00:00,2022-09-19,18,541
2022-09-19 19:00:00,2022-09-19,19,346
2022-09-19 20:00:00,2022-09-19,20,297
2022-09-19 21:00:00,2022-09-19,21,180
2022-09-19 22:00:00,2022-09-19,22,43
2022-09-19 23:00:00,2022-09-19,23,7
2022-09-20 06:00:00,2022-09-20,6,271
2022-09-20 07:00:00,2022-09-20,7,277
2022-09-20 08:00:00,2022-09-20,8,314
2022-09-20 09:00:00,2022-09-20,9,496
2022-09-20 10:00:00,2022-09-20,10,421
2022-09-20 11:00:00,2022-09-20,11,513
2022-09-20 12:00:00,2022-09-20,12,323
2022-09-20 13:00:00,2022-09-20,13,372
2022-09-20 14:00:00,2022-09-20,14,385
2022-09-20 15:00:00,2022-09-20,15,359
2022-09-20 16:00:00,2022-09-20,16,461
2022-09-20 17:00:00,2022-09-20,17,428
2022-09-20 18:00:00,2022-09-20,18,532
2022-09-20 19:00:00,2022-09-20,19,370
2022-09-20 20:00:00,2022-09-20,20,304
2022-09-20 21:00:00,2022-09-20,21,206
2022-09-20 22:00:00,2022-09-20,22,85
2022-09-20 23:00:00,2022-09-20,23,10
2022-09-21 06:00:00,2022-09-21,6,175
2022-09-21 07:00:00,2022-09-21,7,213
2022-09-21 08:00:00,2022-09-21,8,315
2022-09-21 09:00:00,2022-09-21,9,342
2022-09-21 10:00:00,2022-09-21,10,376
2022-09-21 11:00:00,2022-09-21,11,331
2022-09-21 12:00:00,2022-09-21,12,414
2022-09-21 13:00:00,2022-09-21,13,320
2022-09-21 14:00:00,2022-09-21,14,381
2022-09-21 15:00:00,2022-09-21,15,275
2022-09-21 16:00:00,2022-09-21,16,281
2022-09-21 17:00:00,2022-09-21,17,265
2022-09-21 18:00:00,2022-09-21,18,336
2022-09-21 19:00:00,2022-09-21,19,296
2022-09-21 20:00:00,2022-09-21,20,270
2022-09-21 21:00:00,2022-09-21,21,169
2022-09-21 22:00:00,2022-09-21,22,68
2022-09-21 23:00:00,2022-09-21,23,11
2022-09-22 05:00:00,2022-09-22,5,15
2022-09-22 06:00:00,2022-09-22,6,184
2022-09-22 07:00:00,2022-09-22,7,179
2022-09-22 08:00:00,2022-09-22,8,245
2022-09-22 09:00:00,2022-09-22,9,330
2022-09-22 10:00:00,2022-09-22,10,323
2022-09-22 11:00:00,2022-09-22,11,432
2022-09-22 12:00:00,2022-09-22,12,299
2022-09-22 13:00:00,2022-09-22,13,292
2022-09-22 14:00:00,2022-09-22,14,341
2022-09-22 15:00:00,2022-09-22,15,305
2022-09-22 16:00:00,2022-09-22,16,437
2022-09-22 17:00:00,2022-09-22,17,282
2022-09-22 18:00:00,2022-09-22,18,400
2022-09-22 19:00:00,2022-09-22,19,260
2022-09-22 20:00:00,2022-09-22,20,250
2022-09-22 21:00:00,2022-09-22,21,169
2022-09-22 22:00:00,2022-09-22,22,101
2022-09-22 23:00:00,2022-09-22,23,11
2022-09-23 06:00:00,2022-09-23,6,154
2022-09-23 07:00:00,2022-09-23,7,142
2022-09-23 08:00:00,2022-09-23,8,232
2022-09-23 09:00:00,2022-09-23,9,227
2022-09-23 10:00:00,2022-09-23,10,363
2022-09-23 11:00:00,2022-09-23,11,361
2022-09-23 12:00:00,2022-09-23,12,430
2022-09-23 13:00:00,2022-09-23,13,406
2022-09-23 14:00:00,2022-09-23,14,431
2022-09-23 15:00:00,2022-09-23,15,395
2022-09-23 16:00:00,2022-09-23,16,362
2022-09-23 17:00:00,2022-09-23,17,283
2022-09-23 18:00:00,2022-09-23,18,305
2022-09-23 19:00:00,2022-09-23,19,172
2022-09-23 20:00:00,2022-09-23,20,132
2022-09-23 21:00:00,2022-09-23,21,99
2022-09-23 22:00:00,2022-09-23,22,48
2022-09-23 23:00:00,2022-09-23,23,11
2022-09-24 07:00:00,2022-09-24,7,14
2022-09-24 08:00:00,2022-09-24,8,115
2022-09-24 09:00:00,2022-09-24,9,145
2022-09-24 10:00:00,2022-09-24,10,212
2022-09-24 11:00:00,2022-09-24,11,260
2022-09-24 12:00:00,2022-09-24,12,187
2022-09-24 13:00:00,2022-09-24,13,190
2022-09-24 14:00:00,2022-09-24,14,281
2022-09-24 15:00:00,2022-09-24,15,842
2022-09-24 16:00:00,2022-09-24,16,595
2022-09-24 17:00:00,2022-09-24,17,494
2022-09-24 18:00:00,2022-09-24,18,435
2022-09-24 19:00:00,2022-09-24,19,404
2022-09-24 20:00:00,2022-09-24,20,400
2022-09-24 21:00:00,2022-09-24,21,128
2022-09-26 06:00:00,2022-09-26,6,214
2022-09-26 07:00:00,2022-09-26,7,184
2022-09-26 08:00:00,2022-09-26,8,289
2022-09-26 09:00:00,2022-09-26,9,286
2022-09-26 10:00:00,2022-09-26,10,342
2022-09-26 11:00:00,2022-09-26,11,315
2022-09-26 12:00:00,2022-09-26,12,300
2022-09-26 13:00:00,2022-09-26,13,249
2022-09-26 14:00:00,2022-09-26,14,332
2022-09-26 15:00:00,2022-09-26,15,308
2022-09-26 16:00:00,2022-09-26,16,429
2022-09-26 17:00:00,2022-09-26,17,399
2022-09-26 18:00:00,2022-09-26,18,543
2022-09-26 19:00:00,2022-09-26,19,394
2022-09-26 20:00:00,2022-09-26,20,442
2022-09-26 21:00:00,2022-09-26,21,283
2022-09-26 22:00:00,2022-09-26,22,115
2022-09-26 23:00:00,2022-09-26,23,14
2022-09-27 06:00:00,2022-09-27,6,274
2022-09-27 07:00:00,2022-09-27,7,201
2022-09-27 08:00:00,2022-09-27,8,280
2022-09-27 09:00:00,2022-09-27,9,355
2022-09-27 10:00:00,2022-09-27,10,305
2022-09-27 11:00:00,2022-09-27,11,427
2022-09-27 12:00:00,2022-09-27,12,285
2022-09-27 13:00:00,2022-09-27,13,300
2022-09-27 14:00:00,2022-09-27,14,377
2022-09-27 15:00:00,2022-09-27,15,339
2022-09-27 16:00:00,2022-09-27,16,394
2022-09-27 17:00:00,2022-09-27,17,441
2022-09-27 18:00:00,2022-09-27,18,493
2022-09-27 19:00:00,2022-09-27,19,418
2022-09-27 20:00:00,2022-09-27,20,380
2022-09-27 21:00:00,2022-09-27,21,231
2022-09-27 22:00:00,2022-09-27,22,108
2022-09-27 23:00:00,2022-09-27,23,22
2022-09-28 06:00:00,2022-09-28,6,198
2022-09-28 07:00:00,2022-09-28,7,159
2022-09-28 08:00:00,2022-09-28,8,242
2022-09-28 09:00:00,2022-09-28,9,306
2022-09-28 10:00:00,2022-09-28,10,346
2022-09-28 11:00:00,2022-09-28,11,326
2022-09-28 12:00:00,2022-09-28,12,377
2022-09-28 13:00:00,2022-09-28,13,304
2022-09-28 14:00:00,2022-09-28,14,351
2022-09-28 15:00:00,2022-09-28,15,272
2022-09-28 16:00:00,2022-09-28,16,401
2022-09-28 17:00:00,2022-09-28,17,406
2022-09-28 18:00:00,2022-09-28,18,463
2022-09-28 19:00:00,2022-09-28,19,375
2022-09-28 20:00:00,2022-09-28,20,358
2022-09-28 21:00:00,2022-09-28,21,234
2022-09-28 22:00:00,2022-09-28,22,129
2022-09-28 23:00:00,2022-09-28,23,14
2022-09-29 05:00:00,2022-09-29,5,5
2022-09-29 06:00:00,2022-09-29,6,172
2022-09-29 07:00:00,2022-09-29,7,188
2022-09-29 08:00:00,2022-09-29,8,255
2022-09-29 09:00:00,2022-09-29,9,295
2022-09-29 10:00:00,2022-09-29,10,268
2022-09-29 11:00:00,2022-09-29,11,423
2022-09-29 12:00:00,2022-09-29,12,293
2022-09-29 13:00:00,2022-09-29,13,240
2022-09-29 14:00:00,2022-09-29,14,303
2022-09-29 15:00:00,2022-09-29,15,310
2022-09-29 16:00:00,2022-09-29,16,391
2022-09-29 17:00:00,2022-09-29,17,285
2022-09-29 18:00:00,2022-09-29,18,278
2022-09-29 19:00:00,2022-09-29,19,219
2022-09-29 20:00:00,2022-09-29,20,242
2022-09-29 21:00:00,2022-09-29,21,169
2022-09-29 22:00:00,2022-09-29,22,124
2022-09-29 23:00:00,2022-09-29,23,18
2022-09-30 06:00:00,2022-09-30,6,161
2022-09-30 07:00:00,2022-09-30,7,147
2022-09-30 08:00:00,2022-09-30,8,187
2022-09-30 09:00:00,2022-09-30,9,172
2022-09-30 10:00:00,2022-09-30,10,283
2022-09-30 11:00:00,2022-09-30,11,283
2022-09-30 12:00:00,2022-09-30,12,352
2022-09-30 13:00:00,2022-09-30,13,307
2022-09-30 14:00:00,2022-09-30,14,319
2022-09-30 15:00:00,2022-09-30,15,271
2022-09-30 16:00:00,2022-09-30,16,327
2022-09-30 17:00:00,2022-09-30,17,232
2022-09-30 18:00:00,2022-09-30,18,223
2022-09-30 19:00:00,2022-09-30,19,230
2022-09-30 20:00:00,2022-09-30,20,159
2022-09-30 21:00:00,2022-09-30,21,121
2022-09-30 22:00:00,2022-09-30,22,71
2022-09-30 23:00:00,2022-09-30,23,23
2022-10-01 07:00:00,2022-10-01,7,1
2022-10-01 08:00:00,2022-10-01,8,294
2022-10-01 09:00:00,2022-10-01,9,265
2022-10-01 10:00:00,2022-10-01,10,313
2022-10-01 11:00:00,2022-10-01,11,429
2022-10-01 12:00:00,2022-10-01,12,411
2022-10-01 13:00:00,2022-10-01,13,409
2022-10-01 14:00:00,2022-10-01,14,404
2022-10-01 15:00:00,2022-10-01,15,396
2022-10-01 16:00:00,2022-10-01,16,334
2022-10-01 17:00:00,2022-10-01,17,403
2022-10-01 18:00:00,2022-10-01,18,345
2022-10-01 19:00:00,2022-10-01,19,421
2022-10-01 20:00:00,2022-10-01,20,320
2022-10-01 21:00:00,2022-10-01,21,117
2022-10-01 22:00:00,2022-10-01,22,4
2022-10-03 06:00:00,2022-10-03,6,202
2022-10-03 07:00:00,2022-10-03,7,194
2022-10-03 08:00:00,2022-10-03,8,232
2022-10-03 09:00:00,2022-10-03,9,274
2022-10-03 10:00:00,2022-10-03,10,343
2022-10-03 11:00:00,2022-10-03,11,288
2022-10-03 12:00:00,2022-10-03,12,315
2022-10-03 13:00:00,2022-10-03,13,240
2022-10-03 14:00:00,2022-10-03,14,330
2022-10-03 15:00:00,2022-10-03,15,290
2022-10-03 16:00:00,2022-10-03,16,389
2022-10-03 17:00:00,2022-10-03,17,425
2022-10-03 18:00:00,2022-10-03,18,449
2022-10-03 19:00:00,2022-10-03,19,404
2022-10-03 20:00:00,2022-10-03,20,359
2022-10-03 21:00:00,2022-10-03,21,293
2022-10-03 22:00:00,2022-10-03,22,108
2022-10-03 23:00:00,2022-10-03,23,23
2022-10-04 06:00:00,2022-10-04,6,215
2022-10-04 07:00:00,2022-10-04,7,203
2022-10-04 08:00:00,2022-10-04,8,189
2022-10-04 09:00:00,2022-10-04,9,323
2022-10-04 10:00:00,2022-10-04,10,290
2022-10-04 11:00:00,2022-10-04,11,419
2022-10-04 12:00:00,2022-10-04,12,270
2022-10-04 13:00:00,2022-10-04,13,257
2022-10-04 14:00:00,2022-10-04,14,310
2022-10-04 15:00:00,2022-10-04,15,284
2022-10-04 16:00:00,2022-10-04,16,348
2022-10-04 17:00:00,2022-10-04,17,404
2022-10-04 18:00:00,2022-10-04,18,445
2022-10-04 19:00:00,2022-10-04,19,378
2022-10-04 20:00:00,2022-10-04,20,346
2022-10-04 21:00:00,2022-10-04,21,252
2022-10-04 22:00:00,2022-10-04,22,153
2022-10-04 23:00:00,2022-10-04,23,22
2022-10-05 06:00:00,2022-10-05,6,165
2022-10-05 07:00:00,2022-10-05,7,126
2022-10-05 08:00:00,2022-10-05,8,260
2022-10-05 09:00:00,2022-10-05,9,287
2022-10-05 10:00:00,2022-10-05,10,314
2022-10-05 11:00:00,2022-10-05,11,287
2022-10-05 12:00:00,2022-10-05,12,345
2022-10-05 13:00:00,2022-10-05,13,255
2022-10-05 14:00:00,2022-10-05,14,296
2022-10-05 15:00:00,2022-10-05,15,264
2022-10-05 16:00:00,2022-10-05,16,363
2022-10-05 17:00:00,2022-10-05,17,388
2022-10-05 18:00:00,2022-10-05,18,439
2022-10-05 19:00:00,2022-10-05,19,332
2022-10-05 20:00:00,2022-10-05,20,341
2022-10-05 21:00:00,2022-10-05,21,241
2022-10-05 22:00:00,2022-10-05,22,108
2022-10-05 23:00:00,2022-10-05,23,18
2022-10-06 06:00:00,2022-10-06,6,194
2022-10-06 07:00:00,2022-10-06,7,128
2022-10-06 08:00:00,2022-10-06,8,211
2022-10-06 09:00:00,2022-10-06,9,271
2022-10-06 10:00:00,2022-10-06,10,231
2022-10-06 11:00:00,2022-10-06,11,321
2022-10-06 12:00:00,2022-10-06,12,299
2022-10-06 13:00:00,2022-10-06,13,239
2022-10-06 14:00:00,2022-10-06,14,317
2022-10-06 15:00:00,2022-10-06,15,308
2022-10-06 16:00:00,2022-10-06,16,332
2022-10-06 17:00:00,2022-10-06,17,295
2022-10-06 18:00:00,2022-10-06,18,296
2022-10-06 19:00:00,2022-10-06,19,292
2022-10-06 20:00:00,2022-10-06,20,280
2022-10-06 21:00:00,2022-10-06,21,241
2022-10-06 22:00:00,2022-10-06,22,96
2022-10-06 23:00:00,2022-10-06,23,14
2022-10-07 05:00:00,2022-10-07,5,3
2022-10-07 06:00:00,2022-10-07,6,103
2022-10-07 07:00:00,2022-10-07,7,120
2022-10-07 08:00:00,2022-10-07,8,125
2022-10-07 09:00:00,2022-10-07,9,168
2022-10-07 10:00:00,2022-10-07,10,238
2022-10-07 11:00:00,2022-10-07,11,271
2022-10-07 12:00:00,2022-10-07,12,331
2022-10-07 13:00:00,2022-10-07,13,325
2022-10-07 14:00:00,2022-10-07,14,315
2022-10-07 15:00:00,2022-10-07,15,329
2022-10-07 16:00:00,2022-10-07,16,333
2022-10-07 17:00:00,2022-10-07,17,254
2022-10-07 18:00:00,2022-10-07,18,249
2022-10-07 19:00:00,2022-10-07,19,209
2022-10-07 20:00:00,2022-10-07,20,126
2022-10-07 21:00:00,2022-10-07,21,122
2022-10-07 22:00:00,2022-10-07,22,70
2022-10-07 23:00:00,2022-10-07,23,12
2022-10-08 07:00:00,2022-10-08,7,11
2022-10-08 08:00:00,2022-10-08,8,212
2022-10-08 09:00:00,2022-10-08,9,297
2022-10-08 10:00:00,2022-10-08,10,305
2022-10-08 11:00:00,2022-10-08,11,456
2022-10-08 12:00:00,2022-10-08,12,404
2022-10-08 13:00:00,2022-10-08,13,483
2022-10-08 14:00:00,2022-10-08,14,374
2022-10-08 15:00:00,2022-10-08,15,399
2022-10-08 16:00:00,2022-10-08,16,425
2022-10-08 17:00:00,2022-10-08,17,402
2022-10-08 18:00:00,2022-10-08,18,389
2022-10-08 19:00:00,2022-10-08,19,479
2022-10-08 20:00:00,2022-10-08,20,378
2022-10-08 21:00:00,2022-10-08,21,140
2022-10-08 22:00:00,2022-10-08,22,1
2022-10-10 06:00:00,2022-10-10,6,184
2022-10-10 07:00:00,2022-10-10,7,142
2022-10-10 08:00:00,2022-10-10,8,219
2022-10-10 09:00:00,2022-10-10,9,290
2022-10-10 10:00:00,2022-10-10,10,319
2022-10-10 11:00:00,2022-10-10,11,296
2022-10-10 12:00:00,2022-10-10,12,298
2022-10-10 13:00:00,2022-10-10,13,262
2022-10-10 14:00:00,2022-10-10,14,284
2022-10-10 15:00:00,2022-10-10,15,312
2022-10-10 16:00:00,2022-10-10,16,415
2022-10-10 17:00:00,2022-10-10,17,399
2022-10-10 18:00:00,2022-10-10,18,457
2022-10-10 19:00:00,2022-10-10,19,369
2022-10-10 20:00:00,2022-10-10,20,305
2022-10-10 21:00:00,2022-10-10,21,291
2022-10-10 22:00:00,2022-10-10,22,120
2022-10-10 23:00:00,2022-10-10,23,14
2022-10-11 06:00:00,2022-10-11,6,221
2022-10-11 07:00:00,2022-10-11,7,167
2022-10-11 08:00:00,2022-10-11,8,217
2022-10-11 09:00:00,2022-10-11,9,298
2022-10-11 10:00:00,2022-10-11,10,291
2022-10-11 11:00:00,2022-10-11,11,338
2022-10-11 12:00:00,2022-10-11,12,249
2022-10-11 13:00:00,2022-10-11,13,256
2022-10-11 14:00:00,2022-10-11,14,316
2022-10-11 15:00:00,2022-10-11,15,304
2022-10-11 16:00:00,2022-10-11,16,394
2022-10-11 17:00:00,2022-10-11,17,382
2022-10-11 18:00:00,2022-10-11,18,396
2022-10-11 19:00:00,2022-10-11,19,336
2022-10-11 20:00:00,2022-10-11,20,302
2022-10-11 21:00:00,2022-10-11,21,198
2022-10-11 22:00:00,2022-10-11,22,135
2022-10-11 23:00:00,2022-10-11,23,27
2022-10-12 06:00:00,2022-10-12,6,167
2022-10-12 07:00:00,2022-10-12,7,120
2022-10-12 08:00:00,2022-10-12,8,232
2022-10-12 09:00:00,2022-10-12,9,276
2022-10-12 10:00:00,2022-10-12,10,292
2022-10-12 11:00:00,2022-10-12,11,308
2022-10-12 12:00:00,2022-10-12,12,283
2022-10-12 13:00:00,2022-10-12,13,223
2022-10-12 14:00:00,2022-10-12,14,308
2022-10-12 15:00:00,2022-10-12,15,271
2022-10-12 16:00:00,2022-10-12,16,391
2022-10-12 17:00:00,2022-10-12,17,373
2022-10-12 18:00:00,2022-10-12,18,362
2022-10-12 19:00:00,2022-10-12,19,347
2022-10-12 20:00:00,2022-10-12,20,273
2022-10-12 21:00:00,2022-10-12,21,217
2022-10-12 22:00:00,2022-10-12,22,126
2022-10-12 23:00:00,2022-10-12,23,18
2022-10-13 05:00:00,2022-10-13,5,14
2022-10-13 06:00:00,2022-10-13,6,160
2022-10-13 07:00:00,2022-10-13,7,147
2022-10-13 08:00:00,2022-10-13,8,182
2022-10-13 09:00:00,2022-10-13,9,241
2022-10-13 10:00:00,2022-10-13,10,277
2022-10-13 11:00:00,2022-10-13,11,371
2022-10-13 12:00:00,2022-10-13,12,261
2022-10-13 13:00:00,2022-10-13,13,274
2022-10-13 14:00:00,2022-10-13,14,297
2022-10-13 15:00:00,2022-10-13,15,266
2022-10-13 16:00:00,2022-10-13,16,375
2022-10-13 17:00:00,2022-10-13,17,299
2022-10-13 18:00:00,2022-10-13,18,275
2022-10-13 19:00:00,2022-10-13,19,191
2022-10-13 20:00:00,2022-10-13,20,192
2022-10-13 21:00:00,2022-10-13,21,133
2022-10-13 22:00:00,2022-10-13,22,100
2022-10-13 23:00:00,2022-10-13,23,21
2022-10-14 05:00:00,2022-10-14,5,9
2022-10-14 06:00:00,2022-10-14,6,120
2022-10-14 07:00:00,2022-10-14,7,81
2022-10-14 08:00:00,2022-10-14,8,131
2022-10-14 09:00:00,2022-10-14,9,159
2022-10-14 10:00:00,2022-10-14,10,254
2022-10-14 11:00:00,2022-10-14,11,294
2022-10-14 12:00:00,2022-10-14,12,340
2022-10-14 13:00:00,2022-10-14,13,319
2022-10-14 14:00:00,2022-10-14,14,339
2022-10-14 15:00:00,2022-10-14,15,295
2022-10-14 16:00:00,2022-10-14,16,363
2022-10-14 17:00:00,2022-10-14,17,276
2022-10-14 18:00:00,2022-10-14,18,267
2022-10-14 19:00:00,2022-10-14,19,158
2022-10-14 20:00:00,2022-10-14,20,111
2022-10-14 21:00:00,2022-10-14,21,92
2022-10-14 22:00:00,2022-10-14,22,80
2022-10-15 08:00:00,2022-10-15,8,131
2022-10-15 09:00:00,2022-10-15,9,151
2022-10-15 10:00:00,2022-10-15,10,230
2022-10-15 11:00:00,2022-10-15,11,380
2022-10-15 12:00:00,2022-10-15,12,327
2022-10-15 13:00:00,2022-10-15,13,286
2022-10-15 14:00:00,2022-10-15,14,330
2022-10-15 15:00:00,2022-10-15,15,409
2022-10-15 16:00:00,2022-10-15,16,366
2022-10-15 17:00:00,2022-10-15,17,446
2022-10-15 18:00:00,2022-10-15,18,343
2022-10-15 19:00:00,2022-10-15,19,431
2022-10-15 20:00:00,2022-10-15,20,385
2022-10-15 21:00:00,2022-10-15,21,131
2022-10-15 22:00:00,2022-10-15,22,1
2022-10-17 06:00:00,2022-10-17,6,182
2022-10-17 07:00:00,2022-10-17,7,137
2022-10-17 08:00:00,2022-10-17,8,217
2022-10-17 09:00:00,2022-10-17,9,276
2022-10-17 10:00:00,2022-10-17,10,316
2022-10-17 11:00:00,2022-10-17,11,266
2022-10-17 12:00:00,2022-10-17,12,279
2022-10-17 13:00:00,2022-10-17,13,260
2022-10-17 14:00:00,2022-10-17,14,309
2022-10-17 15:00:00,2022-10-17,15,262
2022-10-17 16:00:00,2022-10-17,16,450
2022-10-17 17:00:00,2022-10-17,17,403
2022-10-17 18:00:00,2022-10-17,18,445
2022-10-17 19:00:00,2022-10-17,19,368
2022-10-17 20:00:00,2022-10-17,20,368
2022-10-17 21:00:00,2022-10-17,21,288
2022-10-17 22:00:00,2022-10-17,22,145
2022-10-17 23:00:00,2022-10-17,23,20
2022-10-18 05:00:00,2022-10-18,5,1
2022-10-18 06:00:00,2022-10-18,6,215
2022-10-18 07:00:00,2022-10-18,7,151
2022-10-18 08:00:00,2022-10-18,8,234
2022-10-18 09:00:00,2022-10-18,9,312
2022-10-18 10:00:00,2022-10-18,10,284
2022-10-18 11:00:00,2022-10-18,11,376
2022-10-18 12:00:00,2022-10-18,12,284
2022-10-18 13:00:00,2022-10-18,13,251
2022-10-18 14:00:00,2022-10-18,14,320
2022-10-18 15:00:00,2022-10-18,15,271
2022-10-18 16:00:00,2022-10-18,16,379
2022-10-18 17:00:00,2022-10-18,17,355
2022-10-18 18:00:00,2022-10-18,18,428
2022-10-18 19:00:00,2022-10-18,19,368
2022-10-18 20:00:00,2022-10-18,20,299
2022-10-18 21:00:00,2022-10-18,21,265
2022-10-18 22:00:00,2022-10-18,22,110
2022-10-18 23:00:00,2022-10-18,23,17
2022-10-19 06:00:00,2022-10-19,6,89
2022-10-19 07:00:00,2022-10-19,7,141
2022-10-19 08:00:00,2022-10-19,8,235
2022-10-19 09:00:00,2022-10-19,9,259
2022-10-19 10:00:00,2022-10-19,10,287
2022-10-19 11:00:00,2022-10-19,11,266
2022-10-19 12:00:00,2022-10-19,12,345
2022-10-19 13:00:00,2022-10-19,13,279
2022-10-19 14:00:00,2022-10-19,14,335
2022-10-19 15:00:00,2022-10-19,15,294
2022-10-19 16:00:00,2022-10-19,16,409
2022-10-19 17:00:00,2022-10-19,17,393
2022-10-19 18:00:00,2022-10-19,18,414
2022-10-19 19:00:00,2022-10-19,19,388
2022-10-19 20:00:00,2022-10-19,20,332
2022-10-19 21:00:00,2022-10-19,21,267
2022-10-19 22:00:00,2022-10-19,22,133
2022-10-19 23:00:00,2022-10-19,23,14
2022-10-20 05:00:00,2022-10-20,5,3
2022-10-20 06:00:00,2022-10-20,6,170
2022-10-20 07:00:00,2022-10-20,7,114
2022-10-20 08:00:00,2022-10-20,8,212
2022-10-20 09:00:00,2022-10-20,9,247
2022-10-20 10:00:00,2022-10-20,10,245
2022-10-20 11:00:00,2022-10-20,11,355
2022-10-20 12:00:00,2022-10-20,12,287
2022-10-20 13:00:00,2022-10-20,13,245
2022-10-20 14:00:00,2022-10-20,14,339
2022-10-20 15:00:00,2022-10-20,15,234
2022-10-20 16:00:00,2022-10-20,16,340
2022-10-20 17:00:00,2022-10-20,17,269
2022-10-20 18:00:00,2022-10-20,18,342
2022-10-20 19:00:00,2022-10-20,19,254
2022-10-20 20:00:00,2022-10-20,20,252
2022-10-20 21:00:00,2022-10-20,21,208
2022-10-20 22:00:00,2022-10-20,22,93
2022-10-20 23:00:00,2022-10-20,23,28
2022-10-21 05:00:00,2022-10-21,5,1
2022-10-21 06:00:00,2022-10-21,6,142
2022-10-21 07:00:00,2022-10-21,7,101
2022-10-21 08:00:00,2022-10-21,8,133
2022-10-21 09:00:00,2022-10-21,9,177
2022-10-21 10:00:00,2022-10-21,10,220
2022-10-21 11:00:00,2022-10-21,11,242
2022-10-21 12:00:00,2022-10-21,12,336
2022-10-21 13:00:00,2022-10-21,13,266
2022-10-21 14:00:00,2022-10-21,14,270
2022-10-21 15:00:00,2022-10-21,15,243
2022-10-21 16:00:00,2022-10-21,16,257
2022-10-21 17:00:00,2022-10-21,17,256
2022-10-21 18:00:00,2022-10-21,18,223
2022-10-21 19:00:00,2022-10-21,19,156
2022-10-21 20:00:00,2022-10-21,20,118
2022-10-21 21:00:00,2022-10-21,21,111
2022-10-21 22:00:00,2022-10-21,22,112
2022-10-21 23:00:00,2022-10-21,23,26
2022-10-22 08:00:00,2022-10-22,8,329
2022-10-22 09:00:00,2022-10-22,9,261
2022-10-22 10:00:00,2022-10-22,10,296
2022-10-22 11:00:00,2022-10-22,11,377
2022-10-22 12:00:00,2022-10-22,12,300
2022-10-22 13:00:00,2022-10-22,13,296
2022-10-22 14:00:00,2022-10-22,14,311
2022-10-22 15:00:00,2022-10-22,15,377
2022-10-22 16:00:00,2022-10-22,16,373
2022-10-22 17:00:00,2022-10-22,17,367
2022-10-22 18:00:00,2022-10-22,18,300
2022-10-22 19:00:00,2022-10-22,19,400
2022-10-22 20:00:00,2022-10-22,20,293
2022-10-22 21:00:00,2022-10-22,21,113
2022-10-23 05:00:00,2022-10-23,5,11
2022-10-23 06:00:00,2022-10-23,6,160
2022-10-23 07:00:00,2022-10-23,7,129
2022-10-23 08:00:00,2022-10-23,8,202
2022-10-23 09:00:00,2022-10-23,9,221
2022-10-23 10:00:00,2022-10-23,10,269
2022-10-23 11:00:00,2022-10-23,11,261
2022-10-23 12:00:00,2022-10-23,12,310
2022-10-23 13:00:00,2022-10-23,13,260
2022-10-23 14:00:00,2022-10-23,14,317
2022-10-23 15:00:00,2022-10-23,15,289
2022-10-23 16:00:00,2022-10-23,16,372
2022-10-23 17:00:00,2022-10-23,17,391
2022-10-23 18:00:00,2022-10-23,18,458
2022-10-23 19:00:00,2022-10-23,19,346
2022-10-23 20:00:00,2022-10-23,20,370
2022-10-23 21:00:00,2022-10-23,21,250
2022-10-23 22:00:00,2022-10-23,22,113
2022-10-23 23:00:00,2022-10-23,23,25
2022-10-25 06:00:00,2022-10-25,6,69
2022-10-25 07:00:00,2022-10-25,7,140
2022-10-25 08:00:00,2022-10-25,8,209
2022-10-25 09:00:00,2022-10-25,9,269
2022-10-25 10:00:00,2022-10-25,10,270
2022-10-25 11:00:00,2022-10-25,11,355
2022-10-25 12:00:00,2022-10-25,12,252
2022-10-25 13:00:00,2022-10-25,13,227
2022-10-25 14:00:00,2022-10-25,14,292
2022-10-25 15:00:00,2022-10-25,15,301
2022-10-25 16:00:00,2022-10-25,16,411
2022-10-25 17:00:00,2022-10-25,17,388
2022-10-25 18:00:00,2022-10-25,18,456
2022-10-25 19:00:00,2022-10-25,19,364
2022-10-25 20:00:00,2022-10-25,20,301
2022-10-25 21:00:00,2022-10-25,21,221
2022-10-25 22:00:00,2022-10-25,22,120
2022-10-25 23:00:00,2022-10-25,23,21
2022-10-26 05:00:00,2022-10-26,5,1
2022-10-26 06:00:00,2022-10-26,6,167
2022-10-26 07:00:00,2022-10-26,7,123
2022-10-26 08:00:00,2022-10-26,8,196
2022-10-26 09:00:00,2022-10-26,9,217
2022-10-26 10:00:00,2022-10-26,10,240
2022-10-26 11:00:00,2022-10-26,11,291
2022-10-26 12:00:00,2022-10-26,12,316
2022-10-26 13:00:00,2022-10-26,13,231
2022-10-26 14:00:00,2022-10-26,14,287
2022-10-26 15:00:00,2022-10-26,15,295
2022-10-26 16:00:00,2022-10-26,16,349
2022-10-26 17:00:00,2022-10-26,17,370
2022-10-26 18:00:00,2022-10-26,18,412
2022-10-26 19:00:00,2022-10-26,19,315
2022-10-26 20:00:00,2022-10-26,20,320
2022-10-26 21:00:00,2022-10-26,21,241
2022-10-26 22:00:00,2022-10-26,22,116
2022-10-26 23:00:00,2022-10-26,23,17
2022-10-27 06:00:00,2022-10-27,6,171
2022-10-27 07:00:00,2022-10-27,7,120
2022-10-27 08:00:00,2022-10-27,8,195
2022-10-27 09:00:00,2022-10-27,9,204
2022-10-27 10:00:00,2022-10-27,10,225
2022-10-27 11:00:00,2022-10-27,11,301
2022-10-27 12:00:00,2022-10-27,12,247
2022-10-27 13:00:00,2022-10-27,13,234
2022-10-27 14:00:00,2022-10-27,14,286
2022-10-27 15:00:00,2022-10-27,15,279
2022-10-27 16:00:00,2022-10-27,16,335
2022-10-27 17:00:00,2022-10-27,17,274
2022-10-27 18:00:00,2022-10-27,18,334
2022-10-27 19:00:00,2022-10-27,19,261
2022-10-27 20:00:00,2022-10-27,20,213
2022-10-27 21:00:00,2022-10-27,21,172
2022-10-27 22:00:00,2022-10-27,22,96
2022-10-27 23:00:00,2022-10-27,23,18
2022-10-28 06:00:00,2022-10-28,6,111
2022-10-28 07:00:00,2022-10-28,7,78
2022-10-28 08:00:00,2022-10-28,8,120
2022-10-28 09:00:00,2022-10-28,9,135
2022-10-28 10:00:00,2022-10-28,10,204
2022-10-28 11:00:00,2022-10-28,11,232
2022-10-28 12:00:00,2022-10-28,12,271
2022-10-28 13:00:00,2022-10-28,13,257
2022-10-28 14:00:00,2022-10-28,14,237
2022-10-28 15:00:00,2022-10-28,15,265
2022-10-28 16:00:00,2022-10-28,16,286
2022-10-28 17:00:00,2022-10-28,17,225
2022-10-28 18:00:00,2022-10-28,18,161
2022-10-28 19:00:00,2022-10-28,19,131
2022-10-28 20:00:00,2022-10-28,20,77
2022-10-28 21:00:00,2022-10-28,21,95
2022-10-28 22:00:00,2022-10-28,22,96
2022-10-28 23:00:00,2022-10-28,23,27
2022-10-29 07:00:00,2022-10-29,7,3
2022-10-29 08:00:00,2022-10-29,8,158
2022-10-29 09:00:00,2022-10-29,9,186
2022-10-29 10:00:00,2022-10-29,10,217
2022-10-29 11:00:00,2022-10-29,11,336
2022-10-29 12:00:00,2022-10-29,12,381
2022-10-29 13:00:00,2022-10-29,13,381
2022-10-29 14:00:00,2022-10-29,14,366
2022-10-29 15:00:00,2022-10-29,15,430
2022-10-29 16:00:00,2022-10-29,16,445
2022-10-29 17:00:00,2022-10-29,17,354
2022-10-29 18:00:00,2022-10-29,18,291
2022-10-29 19:00:00,2022-10-29,19,305
2022-10-29 20:00:00,2022-10-29,20,241
2022-10-29 21:00:00,2022-10-29,21,108
2022-10-31 05:00:00,2022-10-31,5,1
2022-10-31 06:00:00,2022-10-31,6,163
2022-10-31 07:00:00,2022-10-31,7,117
2022-10-31 08:00:00,2022-10-31,8,197
2022-10-31 09:00:00,2022-10-31,9,218
2022-10-31 10:00:00,2022-10-31,10,257
2022-10-31 11:00:00,2022-10-31,11,231
2022-10-31 12:00:00,2022-10-31,12,265
2022-10-31 13:00:00,2022-10-31,13,250
2022-10-31 14:00:00,2022-10-31,14,285
2022-10-31 15:00:00,2022-10-31,15,251
2022-10-31 16:00:00,2022-10-31,16,382
2022-10-31 17:00:00,2022-10-31,17,349
2022-10-31 18:00:00,2022-10-31,18,383
2022-10-31 19:00:00,2022-10-31,19,277
2022-10-31 20:00:00,2022-10-31,20,307
2022-10-31 21:00:00,2022-10-31,21,223
2022-10-31 22:00:00,2022-10-31,22,92
2022-10-31 23:00:00,2022-10-31,23,30
2022-11-01 05:00:00,2022-11-01,5,1
2022-11-01 06:00:00,2022-11-01,6,161
2022-11-01 07:00:00,2022-11-01,7,116
2022-11-01 08:00:00,2022-11-01,8,178
2022-11-01 09:00:00,2022-11-01,9,282
2022-11-01 10:00:00,2022-11-01,10,255
2022-11-01 11:00:00,2022-11-01,11,317
2022-11-01 12:00:00,2022-11-01,12,227
2022-11-01 13:00:00,2022-11-01,13,221
2022-11-01 14:00:00,2022-11-01,14,292
2022-11-01 15:00:00,2022-11-01,15,311
2022-11-01 16:00:00,2022-11-01,16,366
2022-11-01 17:00:00,2022-11-01,17,341
2022-11-01 18:00:00,2022-11-01,18,389
2022-11-01 19:00:00,2022-11-01,19,299
2022-11-01 20:00:00,2022-11-01,20,326
2022-11-01 21:00:00,2022-11-01,21,260
2022-11-01 22:00:00,2022-11-01,22,135
2022-11-01 23:00:00,2022-11-01,23,27
2022-11-02 08:00:00,2022-11-02,8,156
2022-11-02 09:00:00,2022-11-02,9,249
2022-11-02 10:00:00,2022-11-02,10,257
2022-11-02 11:00:00,2022-11-02,11,256
2022-11-02 12:00:00,2022-11-02,12,291
2022-11-02 13:00:00,2022-11-02,13,223
2022-11-02 14:00:00,2022-11-02,14,266
2022-11-02 15:00:00,2022-11-02,15,265
2022-11-02 16:00:00,2022-11-02,16,340
2022-11-02 17:00:00,2022-11-02,17,430
2022-11-02 18:00:00,2022-11-02,18,393
2022-11-02 19:00:00,2022-11-02,19,387
2022-11-02 20:00:00,2022-11-02,20,310
2022-11-02 21:00:00,2022-11-02,21,226
2022-11-02 22:00:00,2022-11-02,22,125
2022-11-02 23:00:00,2022-11-02,23,21
2022-11-03 06:00:00,2022-11-03,6,138
2022-11-03 07:00:00,2022-11-03,7,113
2022-11-03 08:00:00,2022-11-03,8,177
2022-11-03 09:00:00,2022-11-03,9,217
2022-11-03 10:00:00,2022-11-03,10,231
2022-11-03 11:00:00,2022-11-03,11,322
2022-11-03 12:00:00,2022-11-03,12,222
2022-11-03 13:00:00,2022-11-03,13,220
2022-11-03 14:00:00,2022-11-03,14,263
2022-11-03 15:00:00,2022-11-03,15,248
2022-11-03 16:00:00,2022-11-03,16,304
2022-11-03 17:00:00,2022-11-03,17,312
2022-11-03 18:00:00,2022-11-03,18,325
2022-11-03 19:00:00,2022-11-03,19,251
2022-11-03 20:00:00,2022-11-03,20,284
2022-11-03 21:00:00,2022-11-03,21,260
2022-11-03 22:00:00,2022-11-03,22,121
2022-11-03 23:00:00,2022-11-03,23,12
2022-11-04 06:00:00,2022-11-04,6,121
2022-11-04 07:00:00,2022-11-04,7,102
2022-11-04 08:00:00,2022-11-04,8,130
2022-11-04 09:00:00,2022-11-04,9,144
2022-11-04 10:00:00,2022-11-04,10,217
2022-11-04 11:00:00,2022-11-04,11,220
2022-11-04 12:00:00,2022-11-04,12,310
2022-11-04 13:00:00,2022-11-04,13,296
2022-11-04 14:00:00,2022-11-04,14,237
2022-11-04 15:00:00,2022-11-04,15,269
2022-11-04 16:00:00,2022-11-04,16,86
2022-11-04 17:00:00,2022-11-04,17,77
2022-11-04 18:00:00,2022-11-04,18,216
2022-11-04 19:00:00,2022-11-04,19,124
2022-11-04 20:00:00,2022-11-04,20,112
2022-11-04 21:00:00,2022-11-04,21,85
2022-11-04 22:00:00,2022-11-04,22,87
2022-11-04 23:00:00,2022-11-04,23,14
2022-11-05 08:00:00,2022-11-05,8,286
2022-11-05 09:00:00,2022-11-05,9,306
2022-11-05 10:00:00,2022-11-05,10,325
2022-11-05 11:00:00,2022-11-05,11,371
2022-11-05 12:00:00,2022-11-05,12,296
2022-11-05 13:00:00,2022-11-05,13,341
2022-11-05 14:00:00,2022-11-05,14,384
2022-11-05 15:00:00,2022-11-05,15,383
2022-11-05 16:00:00,2022-11-05,16,353
2022-11-05 17:00:00,2022-11-05,17,395
2022-11-05 18:00:00,2022-11-05,18,325
2022-11-05 19:00:00,2022-11-05,19,422
2022-11-05 20:00:00,2022-11-05,20,388
2022-11-05 21:00:00,2022-11-05,21,163
2022-11-07 05:00:00,2022-11-07,5,8
2022-11-07 06:00:00,2022-11-07,6,162
2022-11-07 07:00:00,2022-11-07,7,130
2022-11-07 08:00:00,2022-11-07,8,224
2022-11-07 09:00:00,2022-11-07,9,227
2022-11-07 10:00:00,2022-11-07,10,264
2022-11-07 11:00:00,2022-11-07,11,262
2022-11-07 12:00:00,2022-11-07,12,275
2022-11-07 13:00:00,2022-11-07,13,210
2022-11-07 14:00:00,2022-11-07,14,284
2022-11-07 15:00:00,2022-11-07,15,286
2022-11-07 16:00:00,2022-11-07,16,391
2022-11-07 17:00:00,2022-11-07,17,363
2022-11-07 18:00:00,2022-11-07,18,370
2022-11-07 19:00:00,2022-11-07,19,355
2022-11-07 20:00:00,2022-11-07,20,340
2022-11-07 21:00:00,2022-11-07,21,248
2022-11-07 22:00:00,2022-11-07,22,111
2022-11-07 23:00:00,2022-11-07,23,24
2022-11-08 05:00:00,2022-11-08,5,1
2022-11-08 06:00:00,2022-11-08,6,192
2022-11-08 07:00:00,2022-11-08,7,118
2022-11-08 08:00:00,2022-11-08,8,206
2022-11-08 09:00:00,2022-11-08,9,238
2022-11-08 10:00:00,2022-11-08,10,239
2022-11-08 11:00:00,2022-11-08,11,320
2022-11-08 12:00:00,2022-11-08,12,229
2022-11-08 13:00:00,2022-11-08,13,198
2022-11-08 14:00:00,2022-11-08,14,270
2022-11-08 15:00:00,2022-11-08,15,277
2022-11-08 16:00:00,2022-11-08,16,363
2022-11-08 17:00:00,2022-11-08,17,401
2022-11-08 18:00:00,2022-11-08,18,361
2022-11-08 19:00:00,2022-11-08,19,316
2022-11-08 20:00:00,2022-11-08,20,288
2022-11-08 21:00:00,2022-11-08,21,151
2022-11-08 22:00:00,2022-11-08,22,103
2022-11-08 23:00:00,2022-11-08,23,12
2022-11-09 06:00:00,2022-11-09,6,78
2022-11-09 07:00:00,2022-11-09,7,144
2022-11-09 08:00:00,2022-11-09,8,204
2022-11-09 09:00:00,2022-11-09,9,230
2022-11-09 10:00:00,2022-11-09,10,268
2022-11-09 11:00:00,2022-11-09,11,249
2022-11-09 12:00:00,2022-11-09,12,305
2022-11-09 13:00:00,2022-11-09,13,249
2022-11-09 14:00:00,2022-11-09,14,263
2022-11-09 15:00:00,2022-11-09,15,237
2022-11-09 16:00:00,2022-11-09,16,364
2022-11-09 17:00:00,2022-11-09,17,371
2022-11-09 18:00:00,2022-11-09,18,351
2022-11-09 19:00:00,2022-11-09,19,362
2022-11-09 20:00:00,2022-11-09,20,312
2022-11-09 21:00:00,2022-11-09,21,295
2022-11-09 22:00:00,2022-11-09,22,108
2022-11-09 23:00:00,2022-11-09,23,16
2022-11-10 05:00:00,2022-11-10,5,9
2022-11-10 06:00:00,2022-11-10,6,138
2022-11-10 07:00:00,2022-11-10,7,122
2022-11-10 08:00:00,2022-11-10,8,193
2022-11-10 09:00:00,2022-11-10,9,263
2022-11-10 10:00:00,2022-11-10,10,270
2022-11-10 11:00:00,2022-11-10,11,313
2022-11-10 12:00:00,2022-11-10,12,243
2022-11-10 13:00:00,2022-11-10,13,252
2022-11-10 14:00:00,2022-11-10,14,278
2022-11-10 15:00:00,2022-11-10,15,281
2022-11-10 16:00:00,2022-11-10,16,349
2022-11-10 17:00:00,2022-11-10,17,349
2022-11-10 18:00:00,2022-11-10,18,312
2022-11-10 19:00:00,2022-11-10,19,273
2022-11-10 20:00:00,2022-11-10,20,203
2022-11-10 21:00:00,2022-11-10,21,209
2022-11-10 22:00:00,2022-11-10,22,121
2022-11-10 23:00:00,2022-11-10,23,17
2022-11-11 06:00:00,2022-11-11,6,65
2022-11-11 07:00:00,2022-11-11,7,48
2022-11-11 08:00:00,2022-11-11,8,95
2022-11-11 09:00:00,2022-11-11,9,113
2022-11-11 10:00:00,2022-11-11,10,228
2022-11-11 11:00:00,2022-11-11,11,238
2022-11-11 12:00:00,2022-11-11,12,259
2022-11-11 13:00:00,2022-11-11,13,208
2022-11-11 14:00:00,2022-11-11,14,218
2022-11-11 15:00:00,2022-11-11,15,216
2022-11-11 16:00:00,2022-11-11,16,257
2022-11-11 17:00:00,2022-11-11,17,223
2022-11-11 18:00:00,2022-11-11,18,152
2022-11-11 19:00:00,2022-11-11,19,113
2022-11-11 20:00:00,2022-11-11,20,98
2022-11-11 21:00:00,2022-11-11,21,87
2022-11-11 22:00:00,2022-11-11,22,49
2022-11-11 23:00:00,2022-11-11,23,20
2022-11-12 07:00:00,2022-11-12,7,6
2022-11-12 08:00:00,2022-11-12,8,193
2022-11-12 09:00:00,2022-11-12,9,276
2022-11-12 10:00:00,2022-11-12,10,286
2022-11-12 11:00:00,2022-11-12,11,333
2022-11-12 12:00:00,2022-11-12,12,351
2022-11-12 13:00:00,2022-11-12,13,345
2022-11-12 14:00:00,2022-11-12,14,413
2022-11-12 15:00:00,2022-11-12,15,394
2022-11-12 16:00:00,2022-11-12,16,394
2022-11-12 17:00:00,2022-11-12,17,416
2022-11-12 18:00:00,2022-11-12,18,271
2022-11-12 19:00:00,2022-11-12,19,347
2022-11-12 20:00:00,2022-11-12,20,316
2022-11-12 21:00:00,2022-11-12,21,194
2022-11-14 05:00:00,2022-11-14,5,15
2022-11-14 06:00:00,2022-11-14,6,126
2022-11-14 07:00:00,2022-11-14,7,97
2022-11-14 08:00:00,2022-11-14,8,212
2022-11-14 09:00:00,2022-11-14,9,226
2022-11-14 10:00:00,2022-11-14,10,262
2022-11-14 11:00:00,2022-11-14,11,269
2022-11-14 12:00:00,2022-11-14,12,267
2022-11-14 13:00:00,2022-11-14,13,237
2022-11-14 14:00:00,2022-11-14,14,272
2022-11-14 15:00:00,2022-11-14,15,287
2022-11-14 16:00:00,2022-11-14,16,377
2022-11-14 17:00:00,2022-11-14,17,369
2022-11-14 18:00:00,2022-11-14,18,398
2022-11-14 19:00:00,2022-11-14,19,341
2022-11-14 20:00:00,2022-11-14,20,329
2022-11-14 21:00:00,2022-11-14,21,231
2022-11-14 22:00:00,2022-11-14,22,127
2022-11-14 23:00:00,2022-11-14,23,21
2022-11-15 06:00:00,2022-11-15,6,92
2022-11-15 07:00:00,2022-11-15,7,106
2022-11-15 08:00:00,2022-11-15,8,151
2022-11-15 09:00:00,2022-11-15,9,279
2022-11-15 10:00:00,2022-11-15,10,263
2022-11-15 11:00:00,2022-11-15,11,320
2022-11-15 12:00:00,2022-11-15,12,234
2022-11-15 13:00:00,2022-11-15,13,208
2022-11-15 14:00:00,2022-11-15,14,275
2022-11-15 15:00:00,2022-11-15,15,281
2022-11-15 16:00:00,2022-11-15,16,373
2022-11-15 17:00:00,2022-11-15,17,369
2022-11-15 18:00:00,2022-11-15,18,373
2022-11-15 19:00:00,2022-11-15,19,303
2022-11-15 20:00:00,2022-11-15,20,344
2022-11-15 21:00:00,2022-11-15,21,227
2022-11-15 22:00:00,2022-11-15,22,123
2022-11-15 23:00:00,2022-11-15,23,15
2022-11-16 05:00:00,2022-11-16,5,1
2022-11-16 06:00:00,2022-11-16,6,142
2022-11-16 07:00:00,2022-11-16,7,132
2022-11-16 08:00:00,2022-11-16,8,173
2022-11-16 09:00:00,2022-11-16,9,208
2022-11-16 10:00:00,2022-11-16,10,260
2022-11-16 11:00:00,2022-11-16,11,289
2022-11-16 12:00:00,2022-11-16,12,318
2022-11-16 13:00:00,2022-11-16,13,245
2022-11-16 14:00:00,2022-11-16,14,261
2022-11-16 15:00:00,2022-11-16,15,258
2022-11-16 16:00:00,2022-11-16,16,367
2022-11-16 17:00:00,2022-11-16,17,348
2022-11-16 18:00:00,2022-11-16,18,311
2022-11-16 19:00:00,2022-11-16,19,276
2022-11-16 20:00:00,2022-11-16,20,259
2022-11-16 21:00:00,2022-11-16,21,173
2022-11-16 22:00:00,2022-11-16,22,116
2022-11-16 23:00:00,2022-11-16,23,12
2022-11-17 06:00:00,2022-11-17,6,123
2022-11-17 07:00:00,2022-11-17,7,107
2022-11-17 08:00:00,2022-11-17,8,172
2022-11-17 09:00:00,2022-11-17,9,219
2022-11-17 10:00:00,2022-11-17,10,219
2022-11-17 11:00:00,2022-11-17,11,290
2022-11-17 12:00:00,2022-11-17,12,214
2022-11-17 13:00:00,2022-11-17,13,237
2022-11-17 14:00:00,2022-11-17,14,212
2022-11-17 15:00:00,2022-11-17,15,221
2022-11-17 16:00:00,2022-11-17,16,285
2022-11-17 17:00:00,2022-11-17,17,238
2022-11-17 18:00:00,2022-11-17,18,182
2022-11-17 19:00:00,2022-11-17,19,166
2022-11-17 20:00:00,2022-11-17,20,168
2022-11-17 21:00:00,2022-11-17,21,95
2022-11-17 22:00:00,2022-11-17,22,83
2022-11-17 23:00:00,2022-11-17,23,12
2022-11-18 05:00:00,2022-11-18,5,1
2022-11-18 06:00:00,2022-11-18,6,96
2022-11-18 07:00:00,2022-11-18,7,66
2022-11-18 08:00:00,2022-11-18,8,120
2022-11-18 09:00:00,2022-11-18,9,137
2022-11-18 10:00:00,2022-11-18,10,165
2022-11-18 11:00:00,2022-11-18,11,181
2022-11-18 12:00:00,2022-11-18,12,192
2022-11-18 13:00:00,2022-11-18,13,176
2022-11-18 14:00:00,2022-11-18,14,163
2022-11-18 15:00:00,2022-11-18,15,149
2022-11-18 16:00:00,2022-11-18,16,164
2022-11-18 17:00:00,2022-11-18,17,161
2022-11-18 18:00:00,2022-11-18,18,115
2022-11-18 19:00:00,2022-11-18,19,72
2022-11-18 20:00:00,2022-11-18,20,55
2022-11-18 21:00:00,2022-11-18,21,53
2022-11-18 22:00:00,2022-11-18,22,34
2022-11-18 23:00:00,2022-11-18,23,6
2022-11-19 07:00:00,2022-11-19,7,7
2022-11-19 08:00:00,2022-11-19,8,66
2022-11-19 09:00:00,2022-11-19,9,63
2022-11-19 10:00:00,2022-11-19,10,65
2022-11-19 11:00:00,2022-11-19,11,87
2022-11-19 12:00:00,2022-11-19,12,75
2022-11-19 13:00:00,2022-11-19,13,52
2022-11-19 14:00:00,2022-11-19,14,81
2022-11-19 15:00:00,2022-11-19,15,64
2022-11-19 16:00:00,2022-11-19,16,72
2022-11-19 17:00:00,2022-11-19,17,52
2022-11-19 18:00:00,2022-11-19,18,43
2022-11-19 19:00:00,2022-11-19,19,46
2022-11-19 20:00:00,2022-11-19,20,35
2022-11-19 21:00:00,2022-11-19,21,14
2022-11-28 06:00:00,2022-11-28,6,153
2022-11-28 07:00:00,2022-11-28,7,139
2022-11-28 08:00:00,2022-11-28,8,216
2022-11-28 09:00:00,2022-11-28,9,233
2022-11-28 10:00:00,2022-11-28,10,269
2022-11-28 11:00:00,2022-11-28,11,207
2022-11-28 12:00:00,2022-11-28,12,260
2022-11-28 13:00:00,2022-11-28,13,249
2022-11-28 14:00:00,2022-11-28,14,253
2022-11-28 15:00:00,2022-11-28,15,269
2022-11-28 16:00:00,2022-11-28,16,335
2022-11-28 17:00:00,2022-11-28,17,353
2022-11-28 18:00:00,2022-11-28,18,359
2022-11-28 19:00:00,2022-11-28,19,274
2022-11-28 20:00:00,2022-11-28,20,250
2022-11-28 21:00:00,2022-11-28,21,186
2022-11-28 22:00:00,2022-11-28,22,91
2022-11-28 23:00:00,2022-11-28,23,5
2022-11-29 05:00:00,2022-11-29,5,6
2022-11-29 06:00:00,2022-11-29,6,156
2022-11-29 07:00:00,2022-11-29,7,126
2022-11-29 08:00:00,2022-11-29,8,232
2022-11-29 09:00:00,2022-11-29,9,314
2022-11-29 10:00:00,2022-11-29,10,260
2022-11-29 11:00:00,2022-11-29,11,285
2022-11-29 12:00:00,2022-11-29,12,175
2022-11-29 13:00:00,2022-11-29,13,265
2022-11-29 14:00:00,2022-11-29,14,287
2022-11-29 15:00:00,2022-11-29,15,270
2022-11-29 16:00:00,2022-11-29,16,368
2022-11-29 17:00:00,2022-11-29,17,431
2022-11-29 18:00:00,2022-11-29,18,369
2022-11-29 19:00:00,2022-11-29,19,281
2022-11-29 20:00:00,2022-11-29,20,240
2022-11-29 21:00:00,2022-11-29,21,160
2022-11-29 22:00:00,2022-11-29,22,115
2022-11-29 23:00:00,2022-11-29,23,12
2022-11-30 06:00:00,2022-11-30,6,133
2022-11-30 07:00:00,2022-11-30,7,103
2022-11-30 08:00:00,2022-11-30,8,213
2022-11-30 09:00:00,2022-11-30,9,260
2022-11-30 10:00:00,2022-11-30,10,255
2022-11-30 11:00:00,2022-11-30,11,242
2022-11-30 12:00:00,2022-11-30,12,287
2022-11-30 13:00:00,2022-11-30,13,224
2022-11-30 14:00:00,2022-11-30,14,246
2022-11-30 15:00:00,2022-11-30,15,227
2022-11-30 16:00:00,2022-11-30,16,362
2022-11-30 17:00:00,2022-11-30,17,327
2022-11-30 18:00:00,2022-11-30,18,350
2022-11-30 19:00:00,2022-11-30,19,273
2022-11-30 20:00:00,2022-11-30,20,232
2022-11-30 21:00:00,2022-11-30,21,198
2022-11-30 22:00:00,2022-11-30,22,89
2022-11-30 23:00:00,2022-11-30,23,19
2022-12-01 05:00:00,2022-12-01,5,12
2022-12-01 06:00:00,2022-12-01,6,101
2022-12-01 07:00:00,2022-12-01,7,91
2022-12-01 08:00:00,2022-12-01,8,196
2022-12-01 09:00:00,2022-12-01,9,258
2022-12-01 10:00:00,2022-12-01,10,253
2022-12-01 11:00:00,2022-12-01,11,285
2022-12-01 12:00:00,2022-12-01,12,206
2022-12-01 13:00:00,2022-12-01,13,242
2022-12-01 14:00:00,2022-12-01,14,213
2022-12-01 15:00:00,2022-12-01,15,267
2022-12-01 16:00:00,2022-12-01,16,252
2022-12-01 17:00:00,2022-12-01,17,230
2022-12-01 18:00:00,2022-12-01,18,175
2022-12-01 19:00:00,2022-12-01,19,178
2022-12-01 20:00:00,2022-12-01,20,134
2022-12-01 21:00:00,2022-12-01,21,111
2022-12-01 22:00:00,2022-12-01,22,78
2022-12-01 23:00:00,2022-12-01,23,10
2022-12-02 05:00:00,2022-12-02,5,1
2022-12-02 06:00:00,2022-12-02,6,110
2022-12-02 07:00:00,2022-12-02,7,96
2022-12-02 08:00:00,2022-12-02,8,142
2022-12-02 09:00:00,2022-12-02,9,186
2022-12-02 10:00:00,2022-12-02,10,233
2022-12-02 11:00:00,2022-12-02,11,237
2022-12-02 12:00:00,2022-12-02,12,283
2022-12-02 13:00:00,2022-12-02,13,242
2022-12-02 14:00:00,2022-12-02,14,263
2022-12-02 15:00:00,2022-12-02,15,300
2022-12-02 16:00:00,2022-12-02,16,311
2022-12-02 17:00:00,2022-12-02,17,298
2022-12-02 18:00:00,2022-12-02,18,173
2022-12-02 19:00:00,2022-12-02,19,158
2022-12-02 20:00:00,2022-12-02,20,107
2022-12-02 21:00:00,2022-12-02,21,102
2022-12-02 22:00:00,2022-12-02,22,74
2022-12-02 23:00:00,2022-12-02,23,18
2022-12-03 07:00:00,2022-12-03,7,14
2022-12-03 08:00:00,2022-12-03,8,184
2022-12-03 09:00:00,2022-12-03,9,272
2022-12-03 10:00:00,2022-12-03,10,365
2022-12-03 11:00:00,2022-12-03,11,404
2022-12-03 12:00:00,2022-12-03,12,359
2022-12-03 13:00:00,2022-12-03,13,382
2022-12-03 14:00:00,2022-12-03,14,370
2022-12-03 15:00:00,2022-12-03,15,409
2022-12-03 16:00:00,2022-12-03,16,386
2022-12-03 17:00:00,2022-12-03,17,496
2022-12-03 18:00:00,2022-12-03,18,361
2022-12-03 19:00:00,2022-12-03,19,329
2022-12-03 20:00:00,2022-12-03,20,322
2022-12-03 21:00:00,2022-12-03,21,92
2022-12-03 22:00:00,2022-12-03,22,1
2022-12-05 05:00:00,2022-12-05,5,14
2022-12-05 06:00:00,2022-12-05,6,79
2022-12-05 07:00:00,2022-12-05,7,80
2022-12-05 08:00:00,2022-12-05,8,161
2022-12-05 09:00:00,2022-12-05,9,193
2022-12-05 10:00:00,2022-12-05,10,252
2022-12-05 11:00:00,2022-12-05,11,257
2022-12-05 12:00:00,2022-12-05,12,249
2022-12-05 13:00:00,2022-12-05,13,238
2022-12-05 14:00:00,2022-12-05,14,228
2022-12-05 15:00:00,2022-12-05,15,249
2022-12-05 16:00:00,2022-12-05,16,339
2022-12-05 17:00:00,2022-12-05,17,311
2022-12-05 18:00:00,2022-12-05,18,217
2022-12-05 19:00:00,2022-12-05,19,216
2022-12-05 20:00:00,2022-12-05,20,190
2022-12-05 21:00:00,2022-12-05,21,124
2022-12-05 22:00:00,2022-12-05,22,98
2022-12-05 23:00:00,2022-12-05,23,6
2022-12-06 05:00:00,2022-12-06,5,5
2022-12-06 06:00:00,2022-12-06,6,89
2022-12-06 07:00:00,2022-12-06,7,85
2022-12-06 08:00:00,2022-12-06,8,141
2022-12-06 09:00:00,2022-12-06,9,190
2022-12-06 10:00:00,2022-12-06,10,223
2022-12-06 11:00:00,2022-12-06,11,216
2022-12-06 12:00:00,2022-12-06,12,177
2022-12-06 13:00:00,2022-12-06,13,214
2022-12-06 14:00:00,2022-12-06,14,203
2022-12-06 15:00:00,2022-12-06,15,263
2022-12-06 16:00:00,2022-12-06,16,319
2022-12-06 17:00:00,2022-12-06,17,251
2022-12-06 18:00:00,2022-12-06,18,227
2022-12-06 19:00:00,2022-12-06,19,173
2022-12-06 20:00:00,2022-12-06,20,134
2022-12-06 21:00:00,2022-12-06,21,129
2022-12-06 22:00:00,2022-12-06,22,82
2022-12-06 23:00:00,2022-12-06,23,16
2022-12-07 06:00:00,2022-12-07,6,79
2022-12-07 07:00:00,2022-12-07,7,58
2022-12-07 08:00:00,2022-12-07,8,139
2022-12-07 09:00:00,2022-12-07,9,140
2022-12-07 10:00:00,2022-12-07,10,182
2022-12-07 11:00:00,2022-12-07,11,232
2022-12-07 12:00:00,2022-12-07,12,189
2022-12-07 13:00:00,2022-12-07,13,205
2022-12-07 14:00:00,2022-12-07,14,222
2022-12-07 15:00:00,2022-12-07,15,193
2022-12-07 16:00:00,2022-12-07,16,262
2022-12-07 17:00:00,2022-12-07,17,265
2022-12-07 18:00:00,2022-12-07,18,209
2022-12-07 19:00:00,2022-12-07,19,169
2022-12-07 20:00:00,2022-12-07,20,124
2022-12-07 21:00:00,2022-12-07,21,108
2022-12-07 22:00:00,2022-12-07,22,63
2022-12-07 23:00:00,2022-12-07,23,25
2022-12-08 06:00:00,2022-12-08,6,49
2022-12-08 07:00:00,2022-12-08,7,53
2022-12-08 08:00:00,2022-12-08,8,90
2022-12-08 09:00:00,2022-12-08,9,127
2022-12-08 10:00:00,2022-12-08,10,171
2022-12-08 11:00:00,2022-12-08,11,185
2022-12-08 12:00:00,2022-12-08,12,224
2022-12-08 13:00:00,2022-12-08,13,180
2022-12-08 14:00:00,2022-12-08,14,177
2022-12-08 15:00:00,2022-12-08,15,171
2022-12-08 16:00:00,2022-12-08,16,197
2022-12-08 17:00:00,2022-12-08,17,153
2022-12-08 18:00:00,2022-12-08,18,118
2022-12-08 19:00:00,2022-12-08,19,103
2022-12-08 20:00:00,2022-12-08,20,96
2022-12-08 21:00:00,2022-12-08,21,67
2022-12-08 22:00:00,2022-12-08,22,62
2022-12-08 23:00:00,2022-12-08,23,12
2022-12-09 06:00:00,2022-12-09,6,54
2022-12-09 07:00:00,2022-12-09,7,28
2022-12-09 08:00:00,2022-12-09,8,76
2022-12-09 09:00:00,2022-12-09,9,86
2022-12-09 10:00:00,2022-12-09,10,128
2022-12-09 11:00:00,2022-12-09,11,114
2022-12-09 12:00:00,2022-12-09,12,98
2022-12-09 13:00:00,2022-12-09,13,105
2022-12-09 14:00:00,2022-12-09,14,164
2022-12-09 15:00:00,2022-12-09,15,164
2022-12-09 16:00:00,2022-12-09,16,145
2022-12-09 17:00:00,2022-12-09,17,158
2022-12-09 18:00:00,2022-12-09,18,102
2022-12-09 19:00:00,2022-12-09,19,89
2022-12-09 20:00:00,2022-12-09,20,60
2022-12-09 21:00:00,2022-12-09,21,41
2022-12-09 22:00:00,2022-12-09,22,32
2022-12-09 23:00:00,2022-12-09,23,6
2023-01-09 06:00:00,2023-01-09,6,201
2023-01-09 07:00:00,2023-01-09,7,186
2023-01-09 08:00:00,2023-01-09,8,339
2023-01-09 09:00:00,2023-01-09,9,412
2023-01-09 10:00:00,2023-01-09,10,320
2023-01-09 11:00:00,2023-01-09,11,235
2023-01-09 12:00:00,2023-01-09,12,265
2023-01-09 13:00:00,2023-01-09,13,311
2023-01-09 14:00:00,2023-01-09,14,443
2023-01-09 15:00:00,2023-01-09,15,449
2023-01-09 16:00:00,2023-01-09,16,96
2023-01-11 05:00:00,2023-01-11,5,46
2023-01-11 06:00:00,2023-01-11,6,327
2023-01-11 07:00:00,2023-01-11,7,268
2023-01-11 08:00:00,2023-01-11,8,455
2023-01-11 09:00:00,2023-01-11,9,457
2023-01-11 10:00:00,2023-01-11,10,508
2023-01-11 11:00:00,2023-01-11,11,447
2023-01-11 12:00:00,2023-01-11,12,440
2023-01-11 13:00:00,2023-01-11,13,390
2023-01-11 14:00:00,2023-01-11,14,498
2023-01-11 15:00:00,2023-01-11,15,431
2023-01-11 16:00:00,2023-01-11,16,565
2023-01-11 17:00:00,2023-01-11,17,584
2023-01-11 18:00:00,2023-01-11,18,608
2023-01-11 19:00:00,2023-01-11,19,464
2023-01-11 20:00:00,2023-01-11,20,356
2023-01-11 21:00:00,2023-01-11,21,288
2023-01-11 22:00:00,2023-01-11,22,118
2023-01-11 23:00:00,2023-01-11,23,15
2023-01-12 05:00:00,2023-01-12,5,34
2023-01-12 06:00:00,2023-01-12,6,259
2023-01-12 07:00:00,2023-01-12,7,233
2023-01-12 08:00:00,2023-01-12,8,288
2023-01-12 09:00:00,2023-01-12,9,488
2023-01-12 10:00:00,2023-01-12,10,424
2023-01-12 11:00:00,2023-01-12,11,571
2023-01-12 12:00:00,2023-01-12,12,301
2023-01-12 13:00:00,2023-01-12,13,338
2023-01-12 14:00:00,2023-01-12,14,419
2023-01-12 15:00:00,2023-01-12,15,358
2023-01-12 16:00:00,2023-01-12,16,426
2023-01-12 17:00:00,2023-01-12,17,389
2023-01-12 18:00:00,2023-01-12,18,397
2023-01-12 19:00:00,2023-01-12,19,360
2023-01-12 20:00:00,2023-01-12,20,313
2023-01-12 21:00:00,2023-01-12,21,186
2023-01-12 22:00:00,2023-01-12,22,87
2023-01-12 23:00:00,2023-01-12,23,14
2023-01-13 06:00:00,2023-01-13,6,152
2023-01-13 07:00:00,2023-01-13,7,138
2023-01-13 08:00:00,2023-01-13,8,230
2023-01-13 09:00:00,2023-01-13,9,319
2023-01-13 10:00:00,2023-01-13,10,324
2023-01-13 11:00:00,2023-01-13,11,373
2023-01-13 12:00:00,2023-01-13,12,403
2023-01-13 13:00:00,2023-01-13,13,401
2023-01-13 14:00:00,2023-01-13,14,357
2023-01-13 15:00:00,2023-01-13,15,407
2023-01-13 16:00:00,2023-01-13,16,474
2023-01-13 17:00:00,2023-01-13,17,390
2023-01-13 18:00:00,2023-01-13,18,297
2023-01-13 19:00:00,2023-01-13,19,210
2023-01-13 20:00:00,2023-01-13,20,152
2023-01-13 21:00:00,2023-01-13,21,118
2023-01-13 22:00:00,2023-01-13,22,70
2023-01-13 23:00:00,2023-01-13,23,15
2023-01-14 08:00:00,2023-01-14,8,164
2023-01-14 09:00:00,2023-01-14,9,391
2023-01-14 10:00:00,2023-01-14,10,473
2023-01-14 11:00:00,2023-01-14,11,659
2023-01-14 12:00:00,2023-01-14,12,598
2023-01-14 13:00:00,2023-01-14,13,517
2023-01-14 14:00:00,2023-01-14,14,658
2023-01-14 15:00:00,2023-01-14,15,622
2023-01-14 16:00:00,2023-01-14,16,634
2023-01-14 17:00:00,2023-01-14,17,667
2023-01-14 18:00:00,2023-01-14,18,548
2023-01-14 19:00:00,2023-01-14,19,420
2023-01-14 20:00:00,2023-01-14,20,358
2023-01-14 21:00:00,2023-01-14,21,109
2023-01-16 06:00:00,2023-01-16,6,19
2023-01-16 07:00:00,2023-01-16,7,28
2023-01-16 08:00:00,2023-01-16,8,217
2023-01-16 09:00:00,2023-01-16,9,243
2023-01-16 10:00:00,2023-01-16,10,339
2023-01-16 11:00:00,2023-01-16,11,348
2023-01-16 12:00:00,2023-01-16,12,366
2023-01-16 13:00:00,2023-01-16,13,414
2023-01-16 14:00:00,2023-01-16,14,402
2023-01-16 15:00:00,2023-01-16,15,426
2023-01-16 16:00:00,2023-01-16,16,470
2023-01-16 17:00:00,2023-01-16,17,354
2023-01-16 18:00:00,2023-01-16,18,392
2023-01-16 19:00:00,2023-01-16,19,276
2023-01-16 20:00:00,2023-01-16,20,272
2023-01-16 21:00:00,2023-01-16,21,85
2023-01-16 22:00:00,2023-01-16,22,26
2023-01-16 23:00:00,2023-01-16,23,8
2023-01-17 05:00:00,2023-01-17,5,35
2023-01-17 06:00:00,2023-01-17,6,293
2023-01-17 07:00:00,2023-01-17,7,215
2023-01-17 08:00:00,2023-01-17,8,356
2023-01-17 09:00:00,2023-01-17,9,362
2023-01-17 10:00:00,2023-01-17,10,452
2023-01-17 11:00:00,2023-01-17,11,342
2023-01-17 12:00:00,2023-01-17,12,342
2023-01-17 13:00:00,2023-01-17,13,307
2023-01-17 14:00:00,2023-01-17,14,425
2023-01-17 15:00:00,2023-01-17,15,398
2023-01-17 16:00:00,2023-01-17,16,427
2023-01-17 17:00:00,2023-01-17,17,478
2023-01-17 18:00:00,2023-01-17,18,633
2023-01-17 19:00:00,2023-01-17,19,450
2023-01-17 20:00:00,2023-01-17,20,321
2023-01-17 21:00:00,2023-01-17,21,244
2023-01-17 22:00:00,2023-01-17,22,116
2023-01-17 23:00:00,2023-01-17,23,12
2023-01-18 05:00:00,2023-01-18,5,27
2023-01-18 06:00:00,2023-01-18,6,251
2023-01-18 07:00:00,2023-01-18,7,198
2023-01-18 08:00:00,2023-01-18,8,307
2023-01-18 09:00:00,2023-01-18,9,318
2023-01-18 10:00:00,2023-01-18,10,415
2023-01-18 11:00:00,2023-01-18,11,385
2023-01-18 12:00:00,2023-01-18,12,381
2023-01-18 13:00:00,2023-01-18,13,330
2023-01-18 14:00:00,2023-01-18,14,409
2023-01-18 15:00:00,2023-01-18,15,439
2023-01-18 16:00:00,2023-01-18,16,397
2023-01-18 17:00:00,2023-01-18,17,470
2023-01-18 18:00:00,2023-01-18,18,460
2023-01-18 19:00:00,2023-01-18,19,376
2023-01-18 20:00:00,2023-01-18,20,260
2023-01-18 21:00:00,2023-01-18,21,248
2023-01-18 22:00:00,2023-01-18,22,137
2023-01-18 23:00:00,2023-01-18,23,23
2023-01-19 05:00:00,2023-01-19,5,2
2023-01-19 06:00:00,2023-01-19,6,222
2023-01-19 07:00:00,2023-01-19,7,174
2023-01-19 08:00:00,2023-01-19,8,266
2023-01-19 09:00:00,2023-01-19,9,359
2023-01-19 10:00:00,2023-01-19,10,386
2023-01-19 11:00:00,2023-01-19,11,506
2023-01-19 12:00:00,2023-01-19,12,294
2023-01-19 13:00:00,2023-01-19,13,270
2023-01-19 14:00:00,2023-01-19,14,371
2023-01-19 15:00:00,2023-01-19,15,339
2023-01-19 16:00:00,2023-01-19,16,400
2023-01-19 17:00:00,2023-01-19,17,367
2023-01-19 18:00:00,2023-01-19,18,360
2023-01-19 19:00:00,2023-01-19,19,328
2023-01-19 20:00:00,2023-01-19,20,245
2023-01-19 21:00:00,2023-01-19,21,188
2023-01-19 22:00:00,2023-01-19,22,120
2023-01-19 23:00:00,2023-01-19,23,13
2023-01-20 06:00:00,2023-01-20,6,87
2023-01-20 07:00:00,2023-01-20,7,132
2023-01-20 08:00:00,2023-01-20,8,258
2023-01-20 09:00:00,2023-01-20,9,268
2023-01-20 10:00:00,2023-01-20,10,353
2023-01-20 11:00:00,2023-01-20,11,324
2023-01-20 12:00:00,2023-01-20,12,392
2023-01-20 13:00:00,2023-01-20,13,412
2023-01-20 14:00:00,2023-01-20,14,376
2023-01-20 15:00:00,2023-01-20,15,356
2023-01-20 16:00:00,2023-01-20,16,396
2023-01-20 17:00:00,2023-01-20,17,286
2023-01-20 18:00:00,2023-01-20,18,228
2023-01-20 19:00:00,2023-01-20,19,180
2023-01-20 20:00:00,2023-01-20,20,137
2023-01-20 21:00:00,2023-01-20,21,97
2023-01-20 22:00:00,2023-01-20,22,97
2023-01-20 23:00:00,2023-01-20,23,23
2023-01-21 07:00:00,2023-01-21,7,28
2023-01-21 08:00:00,2023-01-21,8,302
2023-01-21 09:00:00,2023-01-21,9,370
2023-01-21 10:00:00,2023-01-21,10,466
2023-01-21 11:00:00,2023-01-21,11,525
2023-01-21 12:00:00,2023-01-21,12,519
2023-01-21 13:00:00,2023-01-21,13,473
2023-01-21 14:00:00,2023-01-21,14,424
2023-01-21 15:00:00,2023-01-21,15,422
2023-01-21 16:00:00,2023-01-21,16,545
2023-01-21 17:00:00,2023-01-21,17,457
2023-01-21 18:00:00,2023-01-21,18,438
2023-01-21 19:00:00,2023-01-21,19,452
2023-01-21 20:00:00,2023-01-21,20,427
2023-01-21 21:00:00,2023-01-21,21,99
2023-01-23 06:00:00,2023-01-23,6,222
2023-01-23 07:00:00,2023-01-23,7,195
2023-01-23 08:00:00,2023-01-23,8,305
2023-01-23 09:00:00,2023-01-23,9,338
2023-01-23 10:00:00,2023-01-23,10,401
2023-01-23 11:00:00,2023-01-23,11,369
2023-01-23 12:00:00,2023-01-23,12,333
2023-01-23 13:00:00,2023-01-23,13,294
2023-01-23 14:00:00,2023-01-23,14,368
2023-01-23 15:00:00,2023-01-23,15,340
2023-01-23 16:00:00,2023-01-23,16,455
2023-01-23 17:00:00,2023-01-23,17,479
2023-01-23 18:00:00,2023-01-23,18,607
2023-01-23 19:00:00,2023-01-23,19,417
2023-01-23 20:00:00,2023-01-23,20,421
2023-01-23 21:00:00,2023-01-23,21,346
2023-01-23 22:00:00,2023-01-23,22,152
2023-01-23 23:00:00,2023-01-23,23,17
2023-01-24 06:00:00,2023-01-24,6,278
2023-01-24 07:00:00,2023-01-24,7,218
2023-01-24 08:00:00,2023-01-24,8,321
2023-01-24 09:00:00,2023-01-24,9,390
2023-01-24 10:00:00,2023-01-24,10,422
2023-01-24 11:00:00,2023-01-24,11,461
2023-01-24 12:00:00,2023-01-24,12,305
2023-01-24 13:00:00,2023-01-24,13,287
2023-01-24 14:00:00,2023-01-24,14,389
2023-01-24 15:00:00,2023-01-24,15,336
2023-01-24 16:00:00,2023-01-24,16,379
2023-01-24 17:00:00,2023-01-24,17,455
2023-01-24 18:00:00,2023-01-24,18,491
2023-01-24 19:00:00,2023-01-24,19,455
2023-01-24 20:00:00,2023-01-24,20,473
2023-01-24 21:00:00,2023-01-24,21,376
2023-01-24 22:00:00,2023-01-24,22,140
2023-01-24 23:00:00,2023-01-24,23,13
2023-01-25 00:00:00,2023-01-25,0,1
2023-01-25 05:00:00,2023-01-25,5,23
2023-01-25 06:00:00,2023-01-25,6,222
2023-01-25 07:00:00,2023-01-25,7,199
2023-01-25 08:00:00,2023-01-25,8,295
2023-01-25 09:00:00,2023-01-25,9,330
2023-01-25 10:00:00,2023-01-25,10,384
2023-01-25 11:00:00,2023-01-25,11,376
2023-01-25 12:00:00,2023-01-25,12,356
2023-01-25 13:00:00,2023-01-25,13,283
2023-01-25 14:00:00,2023-01-25,14,358
2023-01-25 15:00:00,2023-01-25,15,355
2023-01-25 16:00:00,2023-01-25,16,427
2023-01-25 17:00:00,2023-01-25,17,451
2023-01-25 18:00:00,2023-01-25,18,378
2023-01-25 19:00:00,2023-01-25,19,343
2023-01-25 20:00:00,2023-01-25,20,306
2023-01-25 21:00:00,2023-01-25,21,237
2023-01-25 22:00:00,2023-01-25,22,139
2023-01-25 23:00:00,2023-01-25,23,12
2023-01-26 06:00:00,2023-01-26,6,224
2023-01-26 07:00:00,2023-01-26,7,171
2023-01-26 08:00:00,2023-01-26,8,253
2023-01-26 09:00:00,2023-01-26,9,328
2023-01-26 10:00:00,2023-01-26,10,354
2023-01-26 11:00:00,2023-01-26,11,434
2023-01-26 12:00:00,2023-01-26,12,290
2023-01-26 13:00:00,2023-01-26,13,292
2023-01-26 14:00:00,2023-01-26,14,367
2023-01-26 15:00:00,2023-01-26,15,358
2023-01-26 16:00:00,2023-01-26,16,377
2023-01-26 17:00:00,2023-01-26,17,341
2023-01-26 18:00:00,2023-01-26,18,358
2023-01-26 19:00:00,2023-01-26,19,351
2023-01-26 20:00:00,2023-01-26,20,247
2023-01-26 21:00:00,2023-01-26,21,200
2023-01-26 22:00:00,2023-01-26,22,122
2023-01-26 23:00:00,2023-01-26,23,16
2023-01-27 06:00:00,2023-01-27,6,162
2023-01-27 07:00:00,2023-01-27,7,92
2023-01-27 08:00:00,2023-01-27,8,237
2023-01-27 09:00:00,2023-01-27,9,271
2023-01-27 10:00:00,2023-01-27,10,301
2023-01-27 11:00:00,2023-01-27,11,316
2023-01-27 12:00:00,2023-01-27,12,370
2023-01-27 13:00:00,2023-01-27,13,373
2023-01-27 14:00:00,2023-01-27,14,354
2023-01-27 15:00:00,2023-01-27,15,359
2023-01-27 16:00:00,2023-01-27,16,380
2023-01-27 17:00:00,2023-01-27,17,340
2023-01-27 18:00:00,2023-01-27,18,237
2023-01-27 19:00:00,2023-01-27,19,211
2023-01-27 20:00:00,2023-01-27,20,176
2023-01-27 21:00:00,2023-01-27,21,145
2023-01-27 22:00:00,2023-01-27,22,99
2023-01-27 23:00:00,2023-01-27,23,22
2023-01-28 08:00:00,2023-01-28,8,341
2023-01-28 09:00:00,2023-01-28,9,397
2023-01-28 10:00:00,2023-01-28,10,488
2023-01-28 11:00:00,2023-01-28,11,482
2023-01-28 12:00:00,2023-01-28,12,472
2023-01-28 13:00:00,2023-01-28,13,387
2023-01-28 14:00:00,2023-01-28,14,403
2023-01-28 15:00:00,2023-01-28,15,505
2023-01-28 16:00:00,2023-01-28,16,517
2023-01-28 17:00:00,2023-01-28,17,540
2023-01-28 18:00:00,2023-01-28,18,414
2023-01-28 19:00:00,2023-01-28,19,460
2023-01-28 20:00:00,2023-01-28,20,375
2023-01-28 21:00:00,2023-01-28,21,113
2023-01-30 05:00:00,2023-01-30,5,26
2023-01-30 06:00:00,2023-01-30,6,210
2023-01-30 07:00:00,2023-01-30,7,184
2023-01-30 08:00:00,2023-01-30,8,306
2023-01-30 09:00:00,2023-01-30,9,320
2023-01-30 10:00:00,2023-01-30,10,319
2023-01-30 11:00:00,2023-01-30,11,334
2023-01-30 12:00:00,2023-01-30,12,332
2023-01-30 13:00:00,2023-01-30,13,264
2023-01-30 14:00:00,2023-01-30,14,379
2023-01-30 15:00:00,2023-01-30,15,363
2023-01-30 16:00:00,2023-01-30,16,453
2023-01-30 17:00:00,2023-01-30,17,536
2023-01-30 18:00:00,2023-01-30,18,527
2023-01-30 19:00:00,2023-01-30,19,354
2023-01-30 20:00:00,2023-01-30,20,372
2023-01-30 21:00:00,2023-01-30,21,265
2023-01-30 22:00:00,2023-01-30,22,111
2023-01-30 23:00:00,2023-01-30,23,26
2023-01-31 05:00:00,2023-01-31,5,29
2023-01-31 06:00:00,2023-01-31,6,245
2023-01-31 07:00:00,2023-01-31,7,213
2023-01-31 08:00:00,2023-01-31,8,278
2023-01-31 09:00:00,2023-01-31,9,331
2023-01-31 10:00:00,2023-01-31,10,372
2023-01-31 11:00:00,2023-01-31,11,438
2023-01-31 12:00:00,2023-01-31,12,283
2023-01-31 13:00:00,2023-01-31,13,290
2023-01-31 14:00:00,2023-01-31,14,329
2023-01-31 15:00:00,2023-01-31,15,326
2023-01-31 16:00:00,2023-01-31,16,416
2023-01-31 17:00:00,2023-01-31,17,474
2023-01-31 18:00:00,2023-01-31,18,519
2023-01-31 19:00:00,2023-01-31,19,476
2023-01-31 20:00:00,2023-01-31,20,575
2023-01-31 21:00:00,2023-01-31,21,305
2023-01-31 22:00:00,2023-01-31,22,126
2023-01-31 23:00:00,2023-01-31,23,16
2023-02-01 05:00:00,2023-02-01,5,9
2023-02-01 06:00:00,2023-02-01,6,236
2023-02-01 07:00:00,2023-02-01,7,180
2023-02-01 08:00:00,2023-02-01,8,312
2023-02-01 09:00:00,2023-02-01,9,297
2023-02-01 10:00:00,2023-02-01,10,339
2023-02-01 11:00:00,2023-02-01,11,317
2023-02-01 12:00:00,2023-02-01,12,334
2023-02-01 13:00:00,2023-02-01,13,305
2023-02-01 14:00:00,2023-02-01,14,340
2023-02-01 15:00:00,2023-02-01,15,354
2023-02-01 16:00:00,2023-02-01,16,405
2023-02-01 17:00:00,2023-02-01,17,445
2023-02-01 18:00:00,2023-02-01,18,529
2023-02-01 19:00:00,2023-02-01,19,382
2023-02-01 20:00:00,2023-02-01,20,315
2023-02-01 21:00:00,2023-02-01,21,294
2023-02-01 22:00:00,2023-02-01,22,138
2023-02-01 23:00:00,2023-02-01,23,21
2023-02-02 05:00:00,2023-02-02,5,7
2023-02-02 06:00:00,2023-02-02,6,203
2023-02-02 07:00:00,2023-02-02,7,153
2023-02-02 08:00:00,2023-02-02,8,250
2023-02-02 09:00:00,2023-02-02,9,334
2023-02-02 10:00:00,2023-02-02,10,346
2023-02-02 11:00:00,2023-02-02,11,396
2023-02-02 12:00:00,2023-02-02,12,250
2023-02-02 13:00:00,2023-02-02,13,283
2023-02-02 14:00:00,2023-02-02,14,357
2023-02-02 15:00:00,2023-02-02,15,305
2023-02-02 16:00:00,2023-02-02,16,359
2023-02-02 17:00:00,2023-02-02,17,371
2023-02-02 18:00:00,2023-02-02,18,380
2023-02-02 19:00:00,2023-02-02,19,278
2023-02-02 20:00:00,2023-02-02,20,291
2023-02-02 21:00:00,2023-02-02,21,212
2023-02-02 22:00:00,2023-02-02,22,141
2023-02-02 23:00:00,2023-02-02,23,13
2023-02-03 05:00:00,2023-02-03,5,12
2023-02-03 06:00:00,2023-02-03,6,131
2023-02-03 07:00:00,2023-02-03,7,109
2023-02-03 08:00:00,2023-02-03,8,252
2023-02-03 09:00:00,2023-02-03,9,232
2023-02-03 10:00:00,2023-02-03,10,286
2023-02-03 11:00:00,2023-02-03,11,271
2023-02-03 12:00:00,2023-02-03,12,301
2023-02-03 13:00:00,2023-02-03,13,303
2023-02-03 14:00:00,2023-02-03,14,322
2023-02-03 15:00:00,2023-02-03,15,354
2023-02-03 16:00:00,2023-02-03,16,428
2023-02-03 17:00:00,2023-02-03,17,265
2023-02-03 18:00:00,2023-02-03,18,291
2023-02-03 19:00:00,2023-02-03,19,186
2023-02-03 20:00:00,2023-02-03,20,139
2023-02-03 21:00:00,2023-02-03,21,163
2023-02-03 22:00:00,2023-02-03,22,81
2023-02-03 23:00:00,2023-02-03,23,24
2023-02-04 07:00:00,2023-02-04,7,27
2023-02-04 08:00:00,2023-02-04,8,294
2023-02-04 09:00:00,2023-02-04,9,316
2023-02-04 10:00:00,2023-02-04,10,404
2023-02-04 11:00:00,2023-02-04,11,480
2023-02-04 12:00:00,2023-02-04,12,473
2023-02-04 13:00:00,2023-02-04,13,427
2023-02-04 14:00:00,2023-02-04,14,507
2023-02-04 15:00:00,2023-02-04,15,492
2023-02-04 16:00:00,2023-02-04,16,487
2023-02-04 17:00:00,2023-02-04,17,475
2023-02-04 18:00:00,2023-02-04,18,439
2023-02-04 19:00:00,2023-02-04,19,423
2023-02-04 20:00:00,2023-02-04,20,319
2023-02-04 21:00:00,2023-02-04,21,99
2023-02-06 05:00:00,2023-02-06,5,30
2023-02-06 06:00:00,2023-02-06,6,207
2023-02-06 07:00:00,2023-02-06,7,171
2023-02-06 08:00:00,2023-02-06,8,293
2023-02-06 09:00:00,2023-02-06,9,307
2023-02-06 10:00:00,2023-02-06,10,371
2023-02-06 11:00:00,2023-02-06,11,343
2023-02-06 12:00:00,2023-02-06,12,357
2023-02-06 13:00:00,2023-02-06,13,303
2023-02-06 14:00:00,2023-02-06,14,411
2023-02-06 15:00:00,2023-02-06,15,375
2023-02-06 16:00:00,2023-02-06,16,442
2023-02-06 17:00:00,2023-02-06,17,459
2023-02-06 18:00:00,2023-02-06,18,504
2023-02-06 19:00:00,2023-02-06,19,361
2023-02-06 20:00:00,2023-02-06,20,375
2023-02-06 21:00:00,2023-02-06,21,254
2023-02-06 22:00:00,2023-02-06,22,148
2023-02-06 23:00:00,2023-02-06,23,10
2023-02-07 06:00:00,2023-02-07,6,271
2023-02-07 07:00:00,2023-02-07,7,184
2023-02-07 08:00:00,2023-02-07,8,286
2023-02-07 09:00:00,2023-02-07,9,323
2023-02-07 10:00:00,2023-02-07,10,384
2023-02-07 11:00:00,2023-02-07,11,371
2023-02-07 12:00:00,2023-02-07,12,253
2023-02-07 13:00:00,2023-02-07,13,288
2023-02-07 14:00:00,2023-02-07,14,348
2023-02-07 15:00:00,2023-02-07,15,334
2023-02-07 16:00:00,2023-02-07,16,416
2023-02-07 17:00:00,2023-02-07,17,470
2023-02-07 18:00:00,2023-02-07,18,491
2023-02-07 19:00:00,2023-02-07,19,433
2023-02-07 20:00:00,2023-02-07,20,434
2023-02-07 21:00:00,2023-02-07,21,408
2023-02-07 22:00:00,2023-02-07,22,116
2023-02-07 23:00:00,2023-02-07,23,14
2023-02-08 06:00:00,2023-02-08,6,196
2023-02-08 07:00:00,2023-02-08,7,177
2023-02-08 08:00:00,2023-02-08,8,295
2023-02-08 09:00:00,2023-02-08,9,256
2023-02-08 10:00:00,2023-02-08,10,364
2023-02-08 11:00:00,2023-02-08,11,340
2023-02-08 12:00:00,2023-02-08,12,305
2023-02-08 13:00:00,2023-02-08,13,326
2023-02-08 14:00:00,2023-02-08,14,375
2023-02-08 15:00:00,2023-02-08,15,409
2023-02-08 16:00:00,2023-02-08,16,423
2023-02-08 17:00:00,2023-02-08,17,468
2023-02-08 18:00:00,2023-02-08,18,415
2023-02-08 19:00:00,2023-02-08,19,389
2023-02-08 20:00:00,2023-02-08,20,328
2023-02-08 21:00:00,2023-02-08,21,268
2023-02-08 22:00:00,2023-02-08,22,124
2023-02-08 23:00:00,2023-02-08,23,19
2023-02-09 06:00:00,2023-02-09,6,219
2023-02-09 07:00:00,2023-02-09,7,156
2023-02-09 08:00:00,2023-02-09,8,268
2023-02-09 09:00:00,2023-02-09,9,322
2023-02-09 10:00:00,2023-02-09,10,372
2023-02-09 11:00:00,2023-02-09,11,455
2023-02-09 12:00:00,2023-02-09,12,325
2023-02-09 13:00:00,2023-02-09,13,325
2023-02-09 14:00:00,2023-02-09,14,356
2023-02-09 15:00:00,2023-02-09,15,345
2023-02-09 16:00:00,2023-02-09,16,389
2023-02-09 17:00:00,2023-02-09,17,326
2023-02-09 18:00:00,2023-02-09,18,445
2023-02-09 19:00:00,2023-02-09,19,273
2023-02-09 20:00:00,2023-02-09,20,259
2023-02-09 21:00:00,2023-02-09,21,266
2023-02-09 22:00:00,2023-02-09,22,87
2023-02-09 23:00:00,2023-02-09,23,23
2023-02-10 06:00:00,2023-02-10,6,151
2023-02-10 07:00:00,2023-02-10,7,100
2023-02-10 08:00:00,2023-02-10,8,258
2023-02-10 09:00:00,2023-02-10,9,243
2023-02-10 10:00:00,2023-02-10,10,293
2023-02-10 11:00:00,2023-02-10,11,274
2023-02-10 12:00:00,2023-02-10,12,328
2023-02-10 13:00:00,2023-02-10,13,305
2023-02-10 14:00:00,2023-02-10,14,366
2023-02-10 15:00:00,2023-02-10,15,328
2023-02-10 16:00:00,2023-02-10,16,349
2023-02-10 17:00:00,2023-02-10,17,318
2023-02-10 18:00:00,2023-02-10,18,244
2023-02-10 19:00:00,2023-02-10,19,173
2023-02-10 20:00:00,2023-02-10,20,210
2023-02-10 21:00:00,2023-02-10,21,173
2023-02-10 22:00:00,2023-02-10,22,98
2023-02-10 23:00:00,2023-02-10,23,38
2023-02-11 08:00:00,2023-02-11,8,347
2023-02-11 09:00:00,2023-02-11,9,382
2023-02-11 10:00:00,2023-02-11,10,412
2023-02-11 11:00:00,2023-02-11,11,485
2023-02-11 12:00:00,2023-02-11,12,553
2023-02-11 13:00:00,2023-02-11,13,410
2023-02-11 14:00:00,2023-02-11,14,358
2023-02-11 15:00:00,2023-02-11,15,359
2023-02-11 16:00:00,2023-02-11,16,379
2023-02-11 17:00:00,2023-02-11,17,289
2023-02-11 18:00:00,2023-02-11,18,288
2023-02-11 19:00:00,2023-02-11,19,396
2023-02-11 20:00:00,2023-02-11,20,358
2023-02-11 21:00:00,2023-02-11,21,108
2023-02-13 05:00:00,2023-02-13,5,7
2023-02-13 06:00:00,2023-02-13,6,188
2023-02-13 07:00:00,2023-02-13,7,162
2023-02-13 08:00:00,2023-02-13,8,233
2023-02-13 09:00:00,2023-02-13,9,297
2023-02-13 10:00:00,2023-02-13,10,297
2023-02-13 11:00:00,2023-02-13,11,315
2023-02-13 12:00:00,2023-02-13,12,287
2023-02-13 13:00:00,2023-02-13,13,322
2023-02-13 14:00:00,2023-02-13,14,329
2023-02-13 15:00:00,2023-02-13,15,378
2023-02-13 16:00:00,2023-02-13,16,432
2023-02-13 17:00:00,2023-02-13,17,449
2023-02-13 18:00:00,2023-02-13,18,418
2023-02-13 19:00:00,2023-02-13,19,307
2023-02-13 20:00:00,2023-02-13,20,340
2023-02-13 21:00:00,2023-02-13,21,276
2023-02-13 22:00:00,2023-02-13,22,157
2023-02-13 23:00:00,2023-02-13,23,17
2023-02-14 06:00:00,2023-02-14,6,281
2023-02-14 07:00:00,2023-02-14,7,189
2023-02-14 08:00:00,2023-02-14,8,268
2023-02-14 09:00:00,2023-02-14,9,361
2023-02-14 10:00:00,2023-02-14,10,334
2023-02-14 11:00:00,2023-02-14,11,403
2023-02-14 12:00:00,2023-02-14,12,237
2023-02-14 13:00:00,2023-02-14,13,274
2023-02-14 14:00:00,2023-02-14,14,332
2023-02-14 15:00:00,2023-02-14,15,322
2023-02-14 16:00:00,2023-02-14,16,362
2023-02-14 17:00:00,2023-02-14,17,389
2023-02-14 18:00:00,2023-02-14,18,359
2023-02-14 19:00:00,2023-02-14,19,301
2023-02-14 20:00:00,2023-02-14,20,326
2023-02-14 21:00:00,2023-02-14,21,274
2023-02-14 22:00:00,2023-02-14,22,119
2023-02-14 23:00:00,2023-02-14,23,21
2023-02-15 06:00:00,2023-02-15,6,184
2023-02-15 07:00:00,2023-02-15,7,129
2023-02-15 08:00:00,2023-02-15,8,234
2023-02-15 09:00:00,2023-02-15,9,256
2023-02-15 10:00:00,2023-02-15,10,343
2023-02-15 11:00:00,2023-02-15,11,299
2023-02-15 12:00:00,2023-02-15,12,279
2023-02-15 13:00:00,2023-02-15,13,268
2023-02-15 14:00:00,2023-02-15,14,344
2023-02-15 15:00:00,2023-02-15,15,310
2023-02-15 16:00:00,2023-02-15,16,386
2023-02-15 17:00:00,2023-02-15,17,432
2023-02-15 18:00:00,2023-02-15,18,472
2023-02-15 19:00:00,2023-02-15,19,353
2023-02-15 20:00:00,2023-02-15,20,321
2023-02-15 21:00:00,2023-02-15,21,232
2023-02-15 22:00:00,2023-02-15,22,151
2023-02-15 23:00:00,2023-02-15,23,14
2023-02-16 05:00:00,2023-02-16,5,26
2023-02-16 06:00:00,2023-02-16,6,171
2023-02-16 07:00:00,2023-02-16,7,140
2023-02-16 08:00:00,2023-02-16,8,215
2023-02-16 09:00:00,2023-02-16,9,297
2023-02-16 10:00:00,2023-02-16,10,342
2023-02-16 11:00:00,2023-02-16,11,373
2023-02-16 12:00:00,2023-02-16,12,272
2023-02-16 13:00:00,2023-02-16,13,287
2023-02-16 14:00:00,2023-02-16,14,298
2023-02-16 15:00:00,2023-02-16,15,317
2023-02-16 16:00:00,2023-02-16,16,381
2023-02-16 17:00:00,2023-02-16,17,324
2023-02-16 18:00:00,2023-02-16,18,343
2023-02-16 19:00:00,2023-02-16,19,257
2023-02-16 20:00:00,2023-02-16,20,268
2023-02-16 21:00:00,2023-02-16,21,214
2023-02-16 22:00:00,2023-02-16,22,92
2023-02-16 23:00:00,2023-02-16,23,13
2023-02-17 06:00:00,2023-02-17,6,134
2023-02-17 07:00:00,2023-02-17,7,94
2023-02-17 08:00:00,2023-02-17,8,206
2023-02-17 09:00:00,2023-02-17,9,206
2023-02-17 10:00:00,2023-02-17,10,233
2023-02-17 11:00:00,2023-02-17,11,227
2023-02-17 12:00:00,2023-02-17,12,307
2023-02-17 13:00:00,2023-02-17,13,282
2023-02-17 14:00:00,2023-02-17,14,238
2023-02-17 15:00:00,2023-02-17,15,253
2023-02-17 16:00:00,2023-02-17,16,285
2023-02-17 17:00:00,2023-02-17,17,237
2023-02-17 18:00:00,2023-02-17,18,193
2023-02-17 19:00:00,2023-02-17,19,136
2023-02-17 20:00:00,2023-02-17,20,142
2023-02-17 21:00:00,2023-02-17,21,95
2023-02-17 22:00:00,2023-02-17,22,61
2023-02-17 23:00:00,2023-02-17,23,21
2023-02-18 07:00:00,2023-02-18,7,17
2023-02-18 08:00:00,2023-02-18,8,211
2023-02-18 09:00:00,2023-02-18,9,235
2023-02-18 10:00:00,2023-02-18,10,305
2023-02-18 11:00:00,2023-02-18,11,360
2023-02-18 12:00:00,2023-02-18,12,352
2023-02-18 13:00:00,2023-02-18,13,366
2023-02-18 14:00:00,2023-02-18,14,373
2023-02-18 15:00:00,2023-02-18,15,369
2023-02-18 16:00:00,2023-02-18,16,378
2023-02-18 17:00:00,2023-02-18,17,358
2023-02-18 18:00:00,2023-02-18,18,310
2023-02-18 19:00:00,2023-02-18,19,248
2023-02-18 20:00:00,2023-02-18,20,221
2023-02-18 21:00:00,2023-02-18,21,89
2023-02-18 22:00:00,2023-02-18,22,1
2023-02-20 05:00:00,2023-02-20,5,9
2023-02-20 06:00:00,2023-02-20,6,38
2023-02-20 07:00:00,2023-02-20,7,34
2023-02-20 08:00:00,2023-02-20,8,133
2023-02-20 09:00:00,2023-02-20,9,176
2023-02-20 10:00:00,2023-02-20,10,174
2023-02-20 11:00:00,2023-02-20,11,258
2023-02-20 12:00:00,2023-02-20,12,246
2023-02-20 13:00:00,2023-02-20,13,238
2023-02-20 14:00:00,2023-02-20,14,237
2023-02-20 15:00:00,2023-02-20,15,290
2023-02-20 16:00:00,2023-02-20,16,273
2023-02-20 17:00:00,2023-02-20,17,324
2023-02-20 18:00:00,2023-02-20,18,297
2023-02-20 19:00:00,2023-02-20,19,225
2023-02-20 20:00:00,2023-02-20,20,202
2023-02-20 21:00:00,2023-02-20,21,152
2023-02-20 22:00:00,2023-02-20,22,74
2023-02-20 23:00:00,2023-02-20,23,8